[{"model": "admin.logentry", "pk": 1, "fields": {"action_time": "2021-04-05T14:15:43.183Z", "user": 1, "content_type": 8, "object_id": "1", "object_repr": "admin@fakemail.com", "action_flag": 1, "change_message": "[{\"added\": {}}]"}}, {"model": "admin.logentry", "pk": 2, "fields": {"action_time": "2021-04-16T18:07:56.314Z", "user": 1, "content_type": 13, "object_id": "1", "object_repr": "equipment", "action_flag": 1, "change_message": "[{\"added\": {}}]"}}, {"model": "admin.logentry", "pk": 3, "fields": {"action_time": "2021-04-16T18:08:07.584Z", "user": 1, "content_type": 13, "object_id": "2", "object_repr": "footwear", "action_flag": 1, "change_message": "[{\"added\": {}}]"}}, {"model": "admin.logentry", "pk": 4, "fields": {"action_time": "2021-04-16T18:08:17.754Z", "user": 1, "content_type": 13, "object_id": "3", "object_repr": "clothing", "action_flag": 1, "change_message": "[{\"added\": {}}]"}}, {"model": "admin.logentry", "pk": 5, "fields": {"action_time": "2021-04-16T18:08:30.692Z", "user": 1, "content_type": 15, "object_id": "1", "object_repr": "cricket", "action_flag": 1, "change_message": "[{\"added\": {}}]"}}, {"model": "admin.logentry", "pk": 6, "fields": {"action_time": "2021-04-16T18:08:41.408Z", "user": 1, "content_type": 15, "object_id": "2", "object_repr": "golf", "action_flag": 1, "change_message": "[{\"added\": {}}]"}}, {"model": "admin.logentry", "pk": 7, "fields": {"action_time": "2021-04-16T18:08:50.689Z", "user": 1, "content_type": 15, "object_id": "3", "object_repr": "football", "action_flag": 1, "change_message": "[{\"added\": {}}]"}}, {"model": "admin.logentry", "pk": 8, "fields": {"action_time": "2021-04-16T18:09:01.238Z", "user": 1, "content_type": 15, "object_id": "4", "object_repr": "tennis", "action_flag": 1, "change_message": "[{\"added\": {}}]"}}, {"model": "admin.logentry", "pk": 9, "fields": {"action_time": "2021-04-16T18:19:44.373Z", "user": 1, "content_type": 14, "object_id": "1", "object_repr": "Cricket Stumps", "action_flag": 1, "change_message": "[{\"added\": {}}]"}}, {"model": "admin.logentry", "pk": 10, "fields": {"action_time": "2021-04-16T18:23:51.216Z", "user": 1, "content_type": 14, "object_id": "1", "object_repr": "Cricket Stumps", "action_flag": 2, "change_message": "[{\"changed\": {\"fields\": [\"Sku\"]}}]"}}, {"model": "admin.logentry", "pk": 11, "fields": {"action_time": "2021-04-16T18:24:04.342Z", "user": 1, "content_type": 14, "object_id": "1", "object_repr": "Cricket Stumps", "action_flag": 2, "change_message": "[]"}}, {"model": "admin.logentry", "pk": 12, "fields": {"action_time": "2021-04-17T09:50:08.616Z", "user": 1, "content_type": 14, "object_id": "2", "object_repr": "Cricket Ball", "action_flag": 1, "change_message": "[{\"added\": {}}]"}}, {"model": "admin.logentry", "pk": 13, "fields": {"action_time": "2021-04-17T09:50:49.914Z", "user": 1, "content_type": 14, "object_id": "3", "object_repr": "Cricket Bat", "action_flag": 1, "change_message": "[{\"added\": {}}]"}}, {"model": "admin.logentry", "pk": 14, "fields": {"action_time": "2021-04-17T09:51:44.845Z", "user": 1, "content_type": 14, "object_id": "4", "object_repr": "Cricket Batting Gloves", "action_flag": 1, "change_message": "[{\"added\": {}}]"}}, {"model": "admin.logentry", "pk": 15, "fields": {"action_time": "2021-04-18T14:57:30.887Z", "user": 1, "content_type": 14, "object_id": "2", "object_repr": "Cricket Ball", "action_flag": 2, "change_message": "[{\"changed\": {\"fields\": [\"Rrp\"]}}]"}}, {"model": "admin.logentry", "pk": 16, "fields": {"action_time": "2021-04-18T15:06:13.001Z", "user": 1, "content_type": 14, "object_id": "2", "object_repr": "Cricket Ball", "action_flag": 2, "change_message": "[{\"changed\": {\"fields\": [\"Rrp\"]}}]"}}, {"model": "admin.logentry", "pk": 17, "fields": {"action_time": "2021-04-18T16:44:05.537Z", "user": 1, "content_type": 14, "object_id": "2", "object_repr": "Cricket Ball", "action_flag": 2, "change_message": "[]"}}, {"model": "admin.logentry", "pk": 18, "fields": {"action_time": "2021-04-18T16:44:35.461Z", "user": 1, "content_type": 14, "object_id": "1", "object_repr": "Cricket Stumps", "action_flag": 2, "change_message": "[{\"changed\": {\"fields\": [\"Sku\"]}}]"}}, {"model": "admin.logentry", "pk": 19, "fields": {"action_time": "2021-04-18T16:44:46.717Z", "user": 1, "content_type": 14, "object_id": "2", "object_repr": "Cricket Ball", "action_flag": 2, "change_message": "[{\"changed\": {\"fields\": [\"Sku\"]}}]"}}, {"model": "admin.logentry", "pk": 20, "fields": {"action_time": "2021-04-18T16:45:02.910Z", "user": 1, "content_type": 14, "object_id": "3", "object_repr": "Cricket Bat", "action_flag": 2, "change_message": "[{\"changed\": {\"fields\": [\"Sku\"]}}]"}}, {"model": "admin.logentry", "pk": 21, "fields": {"action_time": "2021-04-18T16:45:13.745Z", "user": 1, "content_type": 14, "object_id": "4", "object_repr": "Cricket Batting Gloves", "action_flag": 2, "change_message": "[{\"changed\": {\"fields\": [\"Sku\"]}}]"}}, {"model": "admin.logentry", "pk": 22, "fields": {"action_time": "2021-04-24T17:12:43.169Z", "user": 1, "content_type": 14, "object_id": "1", "object_repr": "Cricket Stumps", "action_flag": 2, "change_message": "[{\"changed\": {\"fields\": [\"Has sizes\", \"Has side\", \"Has gender\"]}}]"}}, {"model": "admin.logentry", "pk": 23, "fields": {"action_time": "2021-04-29T15:55:39.183Z", "user": 1, "content_type": 14, "object_id": "1", "object_repr": "Cricket Stumps", "action_flag": 2, "change_message": "[{\"changed\": {\"fields\": [\"Has gender\"]}}]"}}, {"model": "admin.logentry", "pk": 24, "fields": {"action_time": "2021-04-30T09:48:31.975Z", "user": 1, "content_type": 14, "object_id": "1", "object_repr": "Cricket Stumps", "action_flag": 2, "change_message": "[{\"changed\": {\"fields\": [\"Has gender\"]}}]"}}, {"model": "admin.logentry", "pk": 25, "fields": {"action_time": "2021-04-30T10:06:02.404Z", "user": 1, "content_type": 14, "object_id": "1", "object_repr": "Cricket Stumps", "action_flag": 2, "change_message": "[{\"changed\": {\"fields\": [\"Has gender\"]}}]"}}, {"model": "admin.logentry", "pk": 26, "fields": {"action_time": "2021-04-30T11:39:02.582Z", "user": 1, "content_type": 14, "object_id": "1", "object_repr": "Cricket Stumps", "action_flag": 2, "change_message": "[{\"changed\": {\"fields\": [\"Has gender\"]}}]"}}, {"model": "admin.logentry", "pk": 27, "fields": {"action_time": "2021-05-02T09:28:53.762Z", "user": 1, "content_type": 14, "object_id": "1", "object_repr": "Cricket Stumps", "action_flag": 2, "change_message": "[{\"changed\": {\"fields\": [\"Has side\"]}}]"}}, {"model": "admin.logentry", "pk": 28, "fields": {"action_time": "2021-05-03T16:02:40.366Z", "user": 1, "content_type": 16, "object_id": "3", "object_repr": "1CE2842147964338A2019E7CF3CAC4CD", "action_flag": 3, "change_message": ""}}, {"model": "admin.logentry", "pk": 29, "fields": {"action_time": "2021-05-03T16:02:45.861Z", "user": 1, "content_type": 16, "object_id": "2", "object_repr": "1ABEBB8E71A74965BB8295D07DDCAAEE", "action_flag": 3, "change_message": ""}}, {"model": "admin.logentry", "pk": 30, "fields": {"action_time": "2021-05-03T16:05:52.876Z", "user": 1, "content_type": 16, "object_id": "1", "object_repr": "1C83A2E7319C47F897F93DADAE7AE561", "action_flag": 3, "change_message": ""}}, {"model": "admin.logentry", "pk": 31, "fields": {"action_time": "2021-05-03T17:16:04.079Z", "user": 1, "content_type": 16, "object_id": "10", "object_repr": "323F406E01D44E158FCAEB31F1DE95ED", "action_flag": 3, "change_message": ""}}, {"model": "admin.logentry", "pk": 32, "fields": {"action_time": "2021-05-04T18:24:58.142Z", "user": 1, "content_type": 16, "object_id": "11", "object_repr": "187A157AAFD844A29C7BFF8FCC603C3F", "action_flag": 3, "change_message": ""}}, {"model": "admin.logentry", "pk": 33, "fields": {"action_time": "2021-05-04T18:24:58.173Z", "user": 1, "content_type": 16, "object_id": "9", "object_repr": "1C611B8DB4F24963884E6C4A92A40CC8", "action_flag": 3, "change_message": ""}}, {"model": "admin.logentry", "pk": 34, "fields": {"action_time": "2021-05-04T18:24:58.197Z", "user": 1, "content_type": 16, "object_id": "8", "object_repr": "F1B555F41E7347C19D930D37975B51A6", "action_flag": 3, "change_message": ""}}, {"model": "admin.logentry", "pk": 35, "fields": {"action_time": "2021-05-04T18:24:58.220Z", "user": 1, "content_type": 16, "object_id": "7", "object_repr": "1882A706C7874668B4BB2D287E02162F", "action_flag": 3, "change_message": ""}}, {"model": "admin.logentry", "pk": 36, "fields": {"action_time": "2021-05-04T18:24:58.244Z", "user": 1, "content_type": 16, "object_id": "6", "object_repr": "16ECBEFFC27A4B3FA3452E1AD769FB83", "action_flag": 3, "change_message": ""}}, {"model": "admin.logentry", "pk": 37, "fields": {"action_time": "2021-05-04T18:24:58.268Z", "user": 1, "content_type": 16, "object_id": "5", "object_repr": "8F2C3FF0601C4BA6802689B01F85E054", "action_flag": 3, "change_message": ""}}, {"model": "admin.logentry", "pk": 38, "fields": {"action_time": "2021-05-04T18:24:58.293Z", "user": 1, "content_type": 16, "object_id": "4", "object_repr": "856AFEA80E104D4C8368CF36076764EF", "action_flag": 3, "change_message": ""}}, {"model": "admin.logentry", "pk": 39, "fields": {"action_time": "2021-05-04T20:01:03.352Z", "user": 1, "content_type": 16, "object_id": "17", "object_repr": "AF68144FA2504310BBEB0D419BE73B5B", "action_flag": 2, "change_message": "[{\"changed\": {\"name\": \"order line item\", \"object\": \"SKU 0001 on order AF68144FA2504310BBEB0D419BE73B5B\", \"fields\": [\"Qty\"]}}]"}}, {"model": "admin.logentry", "pk": 40, "fields": {"action_time": "2021-05-04T20:02:00.659Z", "user": 1, "content_type": 16, "object_id": "17", "object_repr": "AF68144FA2504310BBEB0D419BE73B5B", "action_flag": 2, "change_message": "[{\"changed\": {\"name\": \"order line item\", \"object\": \"SKU 0001 on order AF68144FA2504310BBEB0D419BE73B5B\", \"fields\": [\"Qty\"]}}]"}}, {"model": "admin.logentry", "pk": 41, "fields": {"action_time": "2021-05-04T20:02:11.005Z", "user": 1, "content_type": 16, "object_id": "17", "object_repr": "AF68144FA2504310BBEB0D419BE73B5B", "action_flag": 2, "change_message": "[{\"deleted\": {\"name\": \"order line item\", \"object\": \"SKU 0001 on order AF68144FA2504310BBEB0D419BE73B5B\"}}]"}}, {"model": "admin.logentry", "pk": 42, "fields": {"action_time": "2021-05-04T20:03:39.309Z", "user": 1, "content_type": 16, "object_id": "17", "object_repr": "AF68144FA2504310BBEB0D419BE73B5B", "action_flag": 2, "change_message": "[{\"changed\": {\"name\": \"order line item\", \"object\": \"SKU 0001 on order AF68144FA2504310BBEB0D419BE73B5B\", \"fields\": [\"Product side\"]}}]"}}, {"model": "admin.logentry", "pk": 43, "fields": {"action_time": "2021-05-04T20:03:54.034Z", "user": 1, "content_type": 16, "object_id": "17", "object_repr": "AF68144FA2504310BBEB0D419BE73B5B", "action_flag": 2, "change_message": "[{\"added\": {\"name\": \"order line item\", \"object\": \"SKU 0002 on order AF68144FA2504310BBEB0D419BE73B5B\"}}, {\"changed\": {\"name\": \"order line item\", \"object\": \"SKU 0001 on order AF68144FA2504310BBEB0D419BE73B5B\", \"fields\": [\"Product side\"]}}]"}}, {"model": "admin.logentry", "pk": 44, "fields": {"action_time": "2021-05-04T20:45:02.301Z", "user": 1, "content_type": 16, "object_id": "17", "object_repr": "AF68144FA2504310BBEB0D419BE73B5B", "action_flag": 2, "change_message": "[{\"changed\": {\"name\": \"order line item\", \"object\": \"SKU 0001 on order AF68144FA2504310BBEB0D419BE73B5B\", \"fields\": [\"Qty\"]}}]"}}, {"model": "admin.logentry", "pk": 45, "fields": {"action_time": "2021-05-04T20:47:28.306Z", "user": 1, "content_type": 16, "object_id": "17", "object_repr": "AF68144FA2504310BBEB0D419BE73B5B", "action_flag": 2, "change_message": "[{\"changed\": {\"name\": \"order line item\", \"object\": \"SKU 0001 on order AF68144FA2504310BBEB0D419BE73B5B\", \"fields\": [\"Qty\"]}}]"}}, {"model": "admin.logentry", "pk": 46, "fields": {"action_time": "2021-05-04T21:24:45.045Z", "user": 1, "content_type": 16, "object_id": "12", "object_repr": "1AEEACB5A353436BB68A9C832BE4D796", "action_flag": 2, "change_message": "[{\"added\": {\"name\": \"order line item\", \"object\": \"SKU 0001 on order 1AEEACB5A353436BB68A9C832BE4D796\"}}]"}}, {"model": "admin.logentry", "pk": 47, "fields": {"action_time": "2021-05-04T21:24:55.080Z", "user": 1, "content_type": 16, "object_id": "16", "object_repr": "468C4137601045DCA2172089787961CD", "action_flag": 3, "change_message": ""}}, {"model": "admin.logentry", "pk": 48, "fields": {"action_time": "2021-05-04T21:24:55.116Z", "user": 1, "content_type": 16, "object_id": "15", "object_repr": "C4342CD2D045432AAE8FC669808C7F19", "action_flag": 3, "change_message": ""}}, {"model": "admin.logentry", "pk": 49, "fields": {"action_time": "2021-05-04T21:24:55.147Z", "user": 1, "content_type": 16, "object_id": "14", "object_repr": "53076726A7854178B57489EBDFAE05A4", "action_flag": 3, "change_message": ""}}, {"model": "admin.logentry", "pk": 50, "fields": {"action_time": "2021-05-04T21:24:55.168Z", "user": 1, "content_type": 16, "object_id": "13", "object_repr": "E57274EE51AD4FE491EE4398309E0CB3", "action_flag": 3, "change_message": ""}}, {"model": "admin.logentry", "pk": 51, "fields": {"action_time": "2021-05-04T21:24:55.199Z", "user": 1, "content_type": 16, "object_id": "12", "object_repr": "1AEEACB5A353436BB68A9C832BE4D796", "action_flag": 3, "change_message": ""}}, {"model": "admin.logentry", "pk": 52, "fields": {"action_time": "2021-05-05T17:00:45.488Z", "user": 1, "content_type": 16, "object_id": "18", "object_repr": "ADD78883A4F645ABB4365A04A3814FAE", "action_flag": 2, "change_message": "[{\"added\": {\"name\": \"order line item\", \"object\": \"SKU 0001 on order ADD78883A4F645ABB4365A04A3814FAE\"}}, {\"added\": {\"name\": \"order line item\", \"object\": \"SKU 0002 on order ADD78883A4F645ABB4365A04A3814FAE\"}}, {\"added\": {\"name\": \"order line item\", \"object\": \"SKU 0004 on order ADD78883A4F645ABB4365A04A3814FAE\"}}, {\"added\": {\"name\": \"order line item\", \"object\": \"SKU 0004 on order ADD78883A4F645ABB4365A04A3814FAE\"}}]"}}, {"model": "admin.logentry", "pk": 53, "fields": {"action_time": "2021-05-05T20:01:59.171Z", "user": 1, "content_type": 16, "object_id": "18", "object_repr": "ADD78883A4F645ABB4365A04A3814FAE", "action_flag": 2, "change_message": "[{\"changed\": {\"name\": \"order line item\", \"object\": \"SKU 0001 on order ADD78883A4F645ABB4365A04A3814FAE\", \"fields\": [\"Product side\"]}}]"}}, {"model": "admin.logentry", "pk": 54, "fields": {"action_time": "2021-05-05T20:02:08.391Z", "user": 1, "content_type": 16, "object_id": "18", "object_repr": "ADD78883A4F645ABB4365A04A3814FAE", "action_flag": 2, "change_message": "[{\"changed\": {\"name\": \"order line item\", \"object\": \"SKU 0001 on order ADD78883A4F645ABB4365A04A3814FAE\", \"fields\": [\"Product side\"]}}]"}}, {"model": "admin.logentry", "pk": 55, "fields": {"action_time": "2021-05-09T10:34:41.744Z", "user": 1, "content_type": 4, "object_id": "2", "object_repr": "Test", "action_flag": 3, "change_message": ""}}, {"model": "admin.logentry", "pk": 56, "fields": {"action_time": "2021-05-09T15:55:46.016Z", "user": 1, "content_type": 16, "object_id": "30", "object_repr": "46B7E13B82104EE684DCAE0ED5721BBD", "action_flag": 3, "change_message": ""}}, {"model": "admin.logentry", "pk": 57, "fields": {"action_time": "2021-05-09T15:55:46.045Z", "user": 1, "content_type": 16, "object_id": "29", "object_repr": "AD4987C1738147ECBC40028F1280F8BD", "action_flag": 3, "change_message": ""}}, {"model": "admin.logentry", "pk": 58, "fields": {"action_time": "2021-05-09T15:55:46.076Z", "user": 1, "content_type": 16, "object_id": "28", "object_repr": "243C9ED89D0A4B3AB75AD9D414672995", "action_flag": 3, "change_message": ""}}, {"model": "admin.logentry", "pk": 59, "fields": {"action_time": "2021-05-09T15:55:46.107Z", "user": 1, "content_type": 16, "object_id": "27", "object_repr": "5F8FCA32D750472A873C003D8725CFB4", "action_flag": 3, "change_message": ""}}, {"model": "admin.logentry", "pk": 60, "fields": {"action_time": "2021-05-09T15:55:46.128Z", "user": 1, "content_type": 16, "object_id": "26", "object_repr": "B350CF6AA5CE4F869E4C52CDBE3104DB", "action_flag": 3, "change_message": ""}}, {"model": "admin.logentry", "pk": 61, "fields": {"action_time": "2021-05-09T15:55:46.149Z", "user": 1, "content_type": 16, "object_id": "25", "object_repr": "E568AEEB4E3C4B5F84E4B97833D1B434", "action_flag": 3, "change_message": ""}}, {"model": "admin.logentry", "pk": 62, "fields": {"action_time": "2021-05-09T15:55:46.178Z", "user": 1, "content_type": 16, "object_id": "24", "object_repr": "59372D7CDD4D4A0A8AD559667BFC4ACA", "action_flag": 3, "change_message": ""}}, {"model": "admin.logentry", "pk": 63, "fields": {"action_time": "2021-05-09T15:55:46.197Z", "user": 1, "content_type": 16, "object_id": "23", "object_repr": "969C9250251F46BD9C34E1FE4A48394A", "action_flag": 3, "change_message": ""}}, {"model": "admin.logentry", "pk": 64, "fields": {"action_time": "2021-05-09T15:55:46.218Z", "user": 1, "content_type": 16, "object_id": "22", "object_repr": "F173E0F243B7472999383C8552042ED6", "action_flag": 3, "change_message": ""}}, {"model": "admin.logentry", "pk": 65, "fields": {"action_time": "2021-05-09T15:55:46.239Z", "user": 1, "content_type": 16, "object_id": "21", "object_repr": "3D771DFD21514B00A7B3120D15C4FF5C", "action_flag": 3, "change_message": ""}}, {"model": "admin.logentry", "pk": 66, "fields": {"action_time": "2021-05-09T15:55:46.260Z", "user": 1, "content_type": 16, "object_id": "20", "object_repr": "D163AFB2F1C24EF2913E3B254F040F79", "action_flag": 3, "change_message": ""}}, {"model": "admin.logentry", "pk": 67, "fields": {"action_time": "2021-05-09T15:55:46.281Z", "user": 1, "content_type": 16, "object_id": "19", "object_repr": "D0D6881A952741BB8E698582173EBB49", "action_flag": 3, "change_message": ""}}, {"model": "admin.logentry", "pk": 68, "fields": {"action_time": "2021-05-09T15:55:46.302Z", "user": 1, "content_type": 16, "object_id": "18", "object_repr": "ADD78883A4F645ABB4365A04A3814FAE", "action_flag": 3, "change_message": ""}}, {"model": "admin.logentry", "pk": 69, "fields": {"action_time": "2021-05-09T15:55:46.323Z", "user": 1, "content_type": 16, "object_id": "17", "object_repr": "AF68144FA2504310BBEB0D419BE73B5B", "action_flag": 3, "change_message": ""}}, {"model": "admin.logentry", "pk": 70, "fields": {"action_time": "2021-05-09T15:56:01.760Z", "user": 1, "content_type": 8, "object_id": "4", "object_repr": "test2@test.com", "action_flag": 3, "change_message": ""}}, {"model": "admin.logentry", "pk": 71, "fields": {"action_time": "2021-05-09T15:56:10.200Z", "user": 1, "content_type": 4, "object_id": "3", "object_repr": "Test", "action_flag": 3, "change_message": ""}}, {"model": "admin.logentry", "pk": 72, "fields": {"action_time": "2021-05-09T16:34:30.106Z", "user": 1, "content_type": 4, "object_id": "4", "object_repr": "Test", "action_flag": 3, "change_message": ""}}, {"model": "admin.logentry", "pk": 73, "fields": {"action_time": "2021-05-14T18:16:36.623Z", "user": 1, "content_type": 19, "object_id": "1", "object_repr": "Luke Garnham", "action_flag": 3, "change_message": ""}}, {"model": "admin.logentry", "pk": 74, "fields": {"action_time": "2021-05-14T18:16:36.651Z", "user": 1, "content_type": 19, "object_id": "2", "object_repr": "Luke Garnham", "action_flag": 3, "change_message": ""}}, {"model": "admin.logentry", "pk": 75, "fields": {"action_time": "2021-05-14T18:16:36.675Z", "user": 1, "content_type": 19, "object_id": "3", "object_repr": "Luke Garnham", "action_flag": 3, "change_message": ""}}, {"model": "admin.logentry", "pk": 76, "fields": {"action_time": "2021-05-14T18:16:36.699Z", "user": 1, "content_type": 19, "object_id": "4", "object_repr": "Luke Garnham", "action_flag": 3, "change_message": ""}}, {"model": "admin.logentry", "pk": 77, "fields": {"action_time": "2021-05-14T18:16:36.723Z", "user": 1, "content_type": 19, "object_id": "5", "object_repr": "Luke Garnham", "action_flag": 3, "change_message": ""}}, {"model": "admin.logentry", "pk": 78, "fields": {"action_time": "2021-05-14T19:06:35.324Z", "user": 1, "content_type": 19, "object_id": "6", "object_repr": "Luke Garnham", "action_flag": 3, "change_message": ""}}, {"model": "admin.logentry", "pk": 79, "fields": {"action_time": "2021-05-14T19:06:35.365Z", "user": 1, "content_type": 19, "object_id": "7", "object_repr": "Luke Garnham", "action_flag": 3, "change_message": ""}}, {"model": "admin.logentry", "pk": 80, "fields": {"action_time": "2021-05-14T19:06:35.399Z", "user": 1, "content_type": 19, "object_id": "8", "object_repr": "Luke Garnham", "action_flag": 3, "change_message": ""}}, {"model": "admin.logentry", "pk": 81, "fields": {"action_time": "2021-05-14T19:06:35.422Z", "user": 1, "content_type": 19, "object_id": "9", "object_repr": "Luke Garnham", "action_flag": 3, "change_message": ""}}, {"model": "admin.logentry", "pk": 82, "fields": {"action_time": "2021-05-14T19:06:35.445Z", "user": 1, "content_type": 19, "object_id": "10", "object_repr": "Luke Garnham", "action_flag": 3, "change_message": ""}}, {"model": "admin.logentry", "pk": 83, "fields": {"action_time": "2021-05-14T19:06:35.469Z", "user": 1, "content_type": 19, "object_id": "11", "object_repr": "Luke Garnham", "action_flag": 3, "change_message": ""}}, {"model": "admin.logentry", "pk": 84, "fields": {"action_time": "2021-05-14T19:06:35.503Z", "user": 1, "content_type": 19, "object_id": "12", "object_repr": "Luke Garnham", "action_flag": 3, "change_message": ""}}, {"model": "admin.logentry", "pk": 85, "fields": {"action_time": "2021-05-14T19:07:42.474Z", "user": 1, "content_type": 19, "object_id": "13", "object_repr": "Luke Garnham", "action_flag": 3, "change_message": ""}}, {"model": "admin.logentry", "pk": 86, "fields": {"action_time": "2021-05-14T19:07:42.504Z", "user": 1, "content_type": 19, "object_id": "14", "object_repr": "Luke Garnham", "action_flag": 3, "change_message": ""}}, {"model": "admin.logentry", "pk": 87, "fields": {"action_time": "2021-05-15T16:06:45.623Z", "user": 1, "content_type": 14, "object_id": "5", "object_repr": "Cricket Helmet", "action_flag": 1, "change_message": "[{\"added\": {}}]"}}, {"model": "admin.logentry", "pk": 88, "fields": {"action_time": "2021-05-15T16:09:01.282Z", "user": 1, "content_type": 14, "object_id": "6", "object_repr": "Wicket Keeping Gloves", "action_flag": 1, "change_message": "[{\"added\": {}}]"}}, {"model": "admin.logentry", "pk": 89, "fields": {"action_time": "2021-05-15T16:09:52.335Z", "user": 1, "content_type": 14, "object_id": "7", "object_repr": "Cricket Helmet", "action_flag": 1, "change_message": "[{\"added\": {}}]"}}, {"model": "admin.logentry", "pk": 90, "fields": {"action_time": "2021-05-15T16:09:58.493Z", "user": 1, "content_type": 14, "object_id": "1", "object_repr": "Cricket Stumps", "action_flag": 2, "change_message": "[{\"changed\": {\"fields\": [\"Has gender\"]}}]"}}, {"model": "admin.logentry", "pk": 91, "fields": {"action_time": "2021-05-15T16:10:02.066Z", "user": 1, "content_type": 14, "object_id": "2", "object_repr": "Cricket Ball", "action_flag": 2, "change_message": "[]"}}, {"model": "admin.logentry", "pk": 92, "fields": {"action_time": "2021-05-15T16:10:12.430Z", "user": 1, "content_type": 14, "object_id": "4", "object_repr": "Cricket Batting Gloves", "action_flag": 2, "change_message": "[]"}}, {"model": "admin.logentry", "pk": 93, "fields": {"action_time": "2021-05-15T16:10:30.772Z", "user": 1, "content_type": 14, "object_id": "1", "object_repr": "Cricket Stumps", "action_flag": 2, "change_message": "[{\"changed\": {\"fields\": [\"Has sizes\"]}}]"}}, {"model": "admin.logentry", "pk": 94, "fields": {"action_time": "2021-05-15T16:10:39.149Z", "user": 1, "content_type": 14, "object_id": "2", "object_repr": "Cricket Ball", "action_flag": 2, "change_message": "[]"}}, {"model": "admin.logentry", "pk": 95, "fields": {"action_time": "2021-05-15T16:10:50.249Z", "user": 1, "content_type": 14, "object_id": "3", "object_repr": "Cricket Bat", "action_flag": 2, "change_message": "[{\"changed\": {\"fields\": [\"Has gender\"]}}]"}}, {"model": "admin.logentry", "pk": 96, "fields": {"action_time": "2021-05-15T16:11:04.849Z", "user": 1, "content_type": 14, "object_id": "4", "object_repr": "Cricket Batting Gloves", "action_flag": 2, "change_message": "[]"}}, {"model": "admin.logentry", "pk": 97, "fields": {"action_time": "2021-05-15T16:12:04.725Z", "user": 1, "content_type": 14, "object_id": "8", "object_repr": "Cricket Shoes", "action_flag": 1, "change_message": "[{\"added\": {}}]"}}, {"model": "admin.logentry", "pk": 98, "fields": {"action_time": "2021-05-15T16:13:01.108Z", "user": 1, "content_type": 14, "object_id": "9", "object_repr": "Cricket Trousers", "action_flag": 1, "change_message": "[{\"added\": {}}]"}}, {"model": "admin.logentry", "pk": 99, "fields": {"action_time": "2021-05-15T16:13:41.126Z", "user": 1, "content_type": 14, "object_id": "10", "object_repr": "Cricket Shirt", "action_flag": 1, "change_message": "[{\"added\": {}}]"}}, {"model": "admin.logentry", "pk": 100, "fields": {"action_time": "2021-05-15T16:14:49.661Z", "user": 1, "content_type": 14, "object_id": "11", "object_repr": "Football", "action_flag": 1, "change_message": "[{\"added\": {}}]"}}, {"model": "admin.logentry", "pk": 101, "fields": {"action_time": "2021-05-15T16:17:27.343Z", "user": 1, "content_type": 14, "object_id": "12", "object_repr": "Football Cones", "action_flag": 1, "change_message": "[{\"added\": {}}]"}}, {"model": "admin.logentry", "pk": 102, "fields": {"action_time": "2021-05-15T16:18:52.127Z", "user": 1, "content_type": 14, "object_id": "13", "object_repr": "Football Posts", "action_flag": 1, "change_message": "[{\"added\": {}}]"}}, {"model": "admin.logentry", "pk": 103, "fields": {"action_time": "2021-05-15T16:19:32.611Z", "user": 1, "content_type": 14, "object_id": "13", "object_repr": "Football Posts", "action_flag": 2, "change_message": "[{\"changed\": {\"fields\": [\"Desc\"]}}]"}}, {"model": "admin.logentry", "pk": 104, "fields": {"action_time": "2021-05-15T16:20:46.334Z", "user": 1, "content_type": 14, "object_id": "13", "object_repr": "Football Posts", "action_flag": 2, "change_message": "[{\"changed\": {\"fields\": [\"Desc\"]}}]"}}, {"model": "admin.logentry", "pk": 105, "fields": {"action_time": "2021-05-15T16:23:16.199Z", "user": 1, "content_type": 14, "object_id": "14", "object_repr": "Football Pump", "action_flag": 1, "change_message": "[{\"added\": {}}]"}}, {"model": "admin.logentry", "pk": 106, "fields": {"action_time": "2021-05-15T16:24:51.017Z", "user": 1, "content_type": 14, "object_id": "15", "object_repr": "Football Boots", "action_flag": 1, "change_message": "[{\"added\": {}}]"}}, {"model": "admin.logentry", "pk": 107, "fields": {"action_time": "2021-05-15T16:27:04.805Z", "user": 1, "content_type": 14, "object_id": "16", "object_repr": "Football Bibs", "action_flag": 1, "change_message": "[{\"added\": {}}]"}}, {"model": "admin.logentry", "pk": 108, "fields": {"action_time": "2021-05-15T16:27:37.439Z", "user": 1, "content_type": 14, "object_id": "17", "object_repr": "Football Shirt", "action_flag": 1, "change_message": "[{\"added\": {}}]"}}, {"model": "admin.logentry", "pk": 109, "fields": {"action_time": "2021-05-15T16:28:35.122Z", "user": 1, "content_type": 14, "object_id": "18", "object_repr": "Football Shorts", "action_flag": 1, "change_message": "[{\"added\": {}}]"}}, {"model": "admin.logentry", "pk": 110, "fields": {"action_time": "2021-05-15T16:29:15.485Z", "user": 1, "content_type": 14, "object_id": "19", "object_repr": "Football Socks", "action_flag": 1, "change_message": "[{\"added\": {}}]"}}, {"model": "admin.logentry", "pk": 111, "fields": {"action_time": "2021-05-15T16:29:58.407Z", "user": 1, "content_type": 14, "object_id": "20", "object_repr": "Golf Bag", "action_flag": 1, "change_message": "[{\"added\": {}}]"}}, {"model": "admin.logentry", "pk": 112, "fields": {"action_time": "2021-05-15T16:31:18.524Z", "user": 1, "content_type": 14, "object_id": "21", "object_repr": "Golf Balls", "action_flag": 1, "change_message": "[{\"added\": {}}]"}}, {"model": "admin.logentry", "pk": 113, "fields": {"action_time": "2021-05-15T16:32:31.138Z", "user": 1, "content_type": 14, "object_id": "22", "object_repr": "Golf Clubs", "action_flag": 1, "change_message": "[{\"added\": {}}]"}}, {"model": "admin.logentry", "pk": 114, "fields": {"action_time": "2021-05-15T16:34:11.930Z", "user": 1, "content_type": 14, "object_id": "23", "object_repr": "Golf Shoes", "action_flag": 1, "change_message": "[{\"added\": {}}]"}}, {"model": "admin.logentry", "pk": 115, "fields": {"action_time": "2021-05-15T16:34:52.167Z", "user": 1, "content_type": 14, "object_id": "24", "object_repr": "Golf Trousers", "action_flag": 1, "change_message": "[{\"added\": {}}]"}}, {"model": "admin.logentry", "pk": 116, "fields": {"action_time": "2021-05-15T16:35:42.572Z", "user": 1, "content_type": 14, "object_id": "25", "object_repr": "Golf Shirt", "action_flag": 1, "change_message": "[{\"added\": {}}]"}}, {"model": "admin.logentry", "pk": 117, "fields": {"action_time": "2021-05-15T16:37:22.342Z", "user": 1, "content_type": 14, "object_id": "26", "object_repr": "Golf Top", "action_flag": 1, "change_message": "[{\"added\": {}}]"}}, {"model": "admin.logentry", "pk": 118, "fields": {"action_time": "2021-05-15T16:38:51.716Z", "user": 1, "content_type": 14, "object_id": "27", "object_repr": "Tennis Balls", "action_flag": 1, "change_message": "[{\"added\": {}}]"}}, {"model": "admin.logentry", "pk": 119, "fields": {"action_time": "2021-05-15T16:41:23.842Z", "user": 1, "content_type": 14, "object_id": "28", "object_repr": "Tennis Racket", "action_flag": 1, "change_message": "[{\"added\": {}}]"}}, {"model": "admin.logentry", "pk": 120, "fields": {"action_time": "2021-05-15T16:41:31.463Z", "user": 1, "content_type": 14, "object_id": "28", "object_repr": "Tennis Racket", "action_flag": 2, "change_message": "[{\"changed\": {\"fields\": [\"Image\"]}}]"}}, {"model": "admin.logentry", "pk": 121, "fields": {"action_time": "2021-05-15T16:42:50.229Z", "user": 1, "content_type": 14, "object_id": "29", "object_repr": "Tennis Shoes", "action_flag": 1, "change_message": "[{\"added\": {}}]"}}, {"model": "admin.logentry", "pk": 122, "fields": {"action_time": "2021-05-15T16:52:16.030Z", "user": 1, "content_type": 4, "object_id": "5", "object_repr": "Test", "action_flag": 3, "change_message": ""}}, {"model": "admin.logentry", "pk": 123, "fields": {"action_time": "2021-05-15T16:52:44.751Z", "user": 1, "content_type": 4, "object_id": "1", "object_repr": "admin", "action_flag": 2, "change_message": "[{\"changed\": {\"fields\": [\"Email address\"]}}]"}}, {"model": "admin.logentry", "pk": 124, "fields": {"action_time": "2021-05-15T16:54:54.472Z", "user": 1, "content_type": 16, "object_id": "40", "object_repr": "2A6BD3DAB5DC46ABAE35FFF4F18B2353", "action_flag": 3, "change_message": ""}}, {"model": "admin.logentry", "pk": 125, "fields": {"action_time": "2021-05-15T16:54:54.498Z", "user": 1, "content_type": 16, "object_id": "39", "object_repr": "CB62CFF45403455688B5DE917357A232", "action_flag": 3, "change_message": ""}}, {"model": "admin.logentry", "pk": 126, "fields": {"action_time": "2021-05-15T16:54:54.533Z", "user": 1, "content_type": 16, "object_id": "38", "object_repr": "B5D279DD45764434B978190BEBBBAD05", "action_flag": 3, "change_message": ""}}, {"model": "admin.logentry", "pk": 127, "fields": {"action_time": "2021-05-15T16:54:54.562Z", "user": 1, "content_type": 16, "object_id": "37", "object_repr": "AC193D2FD851458DB86C0DAD98D8972E", "action_flag": 3, "change_message": ""}}, {"model": "admin.logentry", "pk": 128, "fields": {"action_time": "2021-05-15T16:54:54.598Z", "user": 1, "content_type": 16, "object_id": "36", "object_repr": "21DFAA578C1E42A499904FD09704FE81", "action_flag": 3, "change_message": ""}}, {"model": "admin.logentry", "pk": 129, "fields": {"action_time": "2021-05-15T16:54:54.628Z", "user": 1, "content_type": 16, "object_id": "35", "object_repr": "7671B3DFFFEB47B5AA8706BF8EA93B2F", "action_flag": 3, "change_message": ""}}, {"model": "admin.logentry", "pk": 130, "fields": {"action_time": "2021-05-15T16:54:54.649Z", "user": 1, "content_type": 16, "object_id": "34", "object_repr": "478C5652993A4F7A813A0F3CA8608D54", "action_flag": 3, "change_message": ""}}, {"model": "admin.logentry", "pk": 131, "fields": {"action_time": "2021-05-15T16:54:54.669Z", "user": 1, "content_type": 16, "object_id": "33", "object_repr": "1B3A4AD9CFDB443FBD44B112C69CF7E9", "action_flag": 3, "change_message": ""}}, {"model": "admin.logentry", "pk": 132, "fields": {"action_time": "2021-05-15T16:54:54.690Z", "user": 1, "content_type": 16, "object_id": "32", "object_repr": "E412B5A49AF24175BE83BB7E2CCD8F5C", "action_flag": 3, "change_message": ""}}, {"model": "admin.logentry", "pk": 133, "fields": {"action_time": "2021-05-15T16:54:54.720Z", "user": 1, "content_type": 16, "object_id": "31", "object_repr": "8D112B3017C04D1D85BA0A2B480F5B93", "action_flag": 3, "change_message": ""}}, {"model": "admin.logentry", "pk": 134, "fields": {"action_time": "2021-05-15T16:55:00.645Z", "user": 1, "content_type": 19, "object_id": "15", "object_repr": "Luke Garnham", "action_flag": 3, "change_message": ""}}, {"model": "admin.logentry", "pk": 135, "fields": {"action_time": "2021-05-15T16:55:00.671Z", "user": 1, "content_type": 19, "object_id": "16", "object_repr": "Luke Garnham", "action_flag": 3, "change_message": ""}}, {"model": "admin.logentry", "pk": 136, "fields": {"action_time": "2021-05-15T16:55:00.692Z", "user": 1, "content_type": 19, "object_id": "17", "object_repr": "Luke Garnham", "action_flag": 3, "change_message": ""}}, {"model": "auth.user", "pk": 1, "fields": {"password": "pbkdf2_sha256$216000$kYwXhmxHbDbL$jWrxsGT9GSEgq1ZsdX+EcGAMOTZrdtibq+oWnxeCZFo=", "last_login": "2021-05-13T18:58:29Z", "is_superuser": true, "username": "admin", "first_name": "", "last_name": "", "email": "admin@fakemail.com", "is_staff": true, "is_active": true, "date_joined": "2021-04-05T10:08:38Z", "groups": [], "user_permissions": []}}, {"model": "sessions.session", "pk": "0113wst66rvm7nnhix2wav30336ajhr1", "fields": {"session_data": ".eJw1jkEOwiAURK9CZv1jpMYNO_UY0DQoP4jaEgEXlfTuUo2792ZmMRVnm-9coCoklK7I4c1QGEEN3Yop-Gtp6nlynNbOPrj5s8xQUi49oWtA2H2VMIycs_Wc21Zrg2G45Tj9UwPaUrcng4Nz7MQphUt7II62iBLFHF9J_E5tDPoeywchcjMn:1lcYCJ:3MCSg5B0nKAICrEFbK_D5aWVKCe5FNzxsZls5--0Dr0", "expire_date": "2021-05-14T18:49:07.013Z"}}, {"model": "sessions.session", "pk": "01lv459xwkt3al7iol8ygh7l7vbefh2g", "fields": {"session_data": "eyJiYXNrZXQiOnsiMiI6Mn19:1lc6xz:Qoy_BfGXSxpJ8G3D6b7aOApPShmW0NIoI-g_PfupT30", "expire_date": "2021-05-13T13:44:31.084Z"}}, {"model": "sessions.session", "pk": "0apu89rr336lzf3wxsb03i7iegvus55i", "fields": {"session_data": ".eJx1jkFOxDAMRe_idVTRNI1Jluw5AUKV0zjTMJ1UNCkCqrk7qTRCzAJvbPn_9-0dBtrKNGyZ1yF6sNCC-LtzNJ45HYJ_o3RamnFJZY2uOSzNTc3N8-J5frp57wImylOlJfZGSx-MwQeDQVJH2ij0ilGxNvToqUeWI5LXbe-CQlULMXReu24MNTTTBw8xhQVsWTcW4CifuYDd69P2ZYccv7meuhze6OuYtnkWcKo_8VqFwBeauarv5QtsexW_yGf-j7knXgXIo19_APUYZBc:1lhxbZ:aHd1Pmqep2HLyfOJIWBlGYwRq46roWw-06h0Qy32IwQ", "expire_date": "2021-05-29T16:57:33.311Z"}}, {"model": "sessions.session", "pk": "0mpyy4ywkwp2tf70aqqw2loxfm7wimp0", "fields": {"session_data": "e30:1lfPoV:uwbhNL0fQ1yPcajIGgx0vnSB2MStwNGgauQTN0jqGU8", "expire_date": "2021-05-22T16:28:23.252Z"}}, {"model": "sessions.session", "pk": "0xd13poavq5m9rb1txgts5d2x3po4xov", "fields": {"session_data": ".eJx1zDEOgCAQRNG7TE1DYrW3wbBBIpDIroUS7i5UNtpM3jS_YXWys4Ialjme1cUkkxJvBkFgBv1kjWHTcQMXzxVUzpQMDr1AtncD-13I_wVklxhvo_cHYLouqA:1lc1l9:pvp1C8QWJGQmW6A0fLL4L5CAblHJO5uzGB0ae-CEs60", "expire_date": "2021-05-13T08:10:55.022Z"}}, {"model": "sessions.session", "pk": "13n0cnwxhejp9rhsxdthula5xmv5tn4q", "fields": {"session_data": ".eJyrVkpKLM5OLVGyqlYyBBHFmVWpSlZKuUo6QGYKiFmUmZ5RAuSmp-alpBaB5BJzUoH8wpJKJSvD2tpaANrjFWY:1lc3Fy:zmSwqGc7vsWgEN56-AmX429brQu28hvJs0OJoa9QpgI", "expire_date": "2021-05-13T09:46:50.519Z"}}, {"model": "sessions.session", "pk": "1i16anqt55wtjs2ba7ua6b5t2fqqqq2v", "fields": {"session_data": "eyJiYXNrZXQiOnsiMSI6eyJpdGVtc19ieV9zaXplIjp7Im0iOjJ9fX19:1lbUM8:4Hkc4ctpJVluZGjCuuMo--dvu8BBdyOAYODIQLubMi4", "expire_date": "2021-05-11T20:30:52.207Z"}}, {"model": "sessions.session", "pk": "1i18olgxj1h3gkwe0anxutql1fbaxyoe", "fields": {"session_data": "eyJiYXNrZXQiOnsiMSI6M319:1lagKB:QdMntCOHCxfEv5DAJqT6hQ9VTq7finiBO6CEzGQ9b7c", "expire_date": "2021-05-09T15:05:31.721Z"}}, {"model": "sessions.session", "pk": "1wmmikzoh1t75ws22e4vbv4mgs5ru462", "fields": {"session_data": ".eJyrVkpKLM5OLVGyqlYyBBHFmVWpSlZKuUo6QGYKiFmUmZ5RAuSmp-alpBaB5BJzUoH8wpJKJSvD2tpaANrjFWY:1lc3F0:bYUU2GweeVx-Cq4DvAvK1EohhbSEAQif9QSLJTKpupQ", "expire_date": "2021-05-13T09:45:50.412Z"}}, {"model": "sessions.session", "pk": "2e9t0ohsma3ooqe38l96rm5koasyuguy", "fields": {"session_data": "eyJiYXNrZXQiOnsiMiI6MX19:1lc727:iprVcHDnv1xYixRMrvflfw25PAn0_GftWqWWkFV73GY", "expire_date": "2021-05-13T13:48:47.735Z"}}, {"model": "sessions.session", "pk": "2n27c0mv5tjio5f6y72sci6iv107rdgk", "fields": {"session_data": ".eJyrVkpKLM5OLVGyqlYyBBHFmVWpSlZKuUo6QGYKiFmUmZ5RAuSmp-alpBaB5BJzUoH8wpJKJSvD2tpaANrjFWY:1lc3AS:qfE0By7x2q0_Mvxf7Gdg86XBTpRXWPjeM10zaW3uVJ0", "expire_date": "2021-05-13T09:41:08.720Z"}}, {"model": "sessions.session", "pk": "2w118693pw2xrgw11uytcli6ssakahu3", "fields": {"session_data": "eyJiYXNrZXQiOnsiMiI6NX19:1lc4Yf:4MJws6xi7Cdj41hLgSYI7pwhWCGCFxiy8lusAadYS0c", "expire_date": "2021-05-13T11:10:13.189Z"}}, {"model": "sessions.session", "pk": "2w6y0dv42ghij4n3o48gb04kdbj3vges", "fields": {"session_data": "e30:1lfPoE:ii2jqXt_Y-tNBIxU4gv_7E6Y7Qy5EAA9tfM9W3nRaRk", "expire_date": "2021-05-22T16:28:06.778Z"}}, {"model": "sessions.session", "pk": "37dzjakfok1mosf37einrc2am686omjo", "fields": {"session_data": ".eJyrVkpKLM5OLVGyqlYyBBEpqSWJmTnFIGZxZlWqkpVSsZIOkJkCYhZlpmeUALnpqXkpqUVAgdzEnFQgv7CkUsnKsBYIAA4VGcg:1lc1oL:USU0s5BnEESNuOkoOCBUUUa7p6xgryeY-cylmgBYX0w", "expire_date": "2021-05-13T08:14:13.629Z"}}, {"model": "sessions.session", "pk": "3ngul1ad7ndc32mum9lil3t0j5ha3cus", "fields": {"session_data": ".eJxVjEEOgyAQRe8ya0MoFBCW3fcMZGCGam00EV0Z715N3Lh97_2_QcI68AJhAwXBNfCAoPYGIq5LF9fKc-wJwoFvLGEeeDwFfXH8TCJP4zL3SZyJuGwV74n497ra20GHtTvWHomUVlhaJG0YU9ZSGWUs65Kl9eSScj4btNx6poJPqYsshLZlZzPB_gdmrD8H:1ladQv:4DslInOYSyklHOH2_-2Y_TizuGt87gkoYX91WdwMhlg", "expire_date": "2021-05-09T12:00:17.976Z"}}, {"model": "sessions.session", "pk": "3ybmqbvmjtof6yfaabyap1khnczs9ns3", "fields": {"session_data": ".eJyrVkpKLM5OLVGyqlYyBBHFmVWpSlZKuUo6QGYKiFmUmZ5RAuSmp-alpBaB5BJzUoH8wpJKJSuj2tpaANrnFWc:1lc3WZ:SLP_Y1myD01nbsjBVp_vCUsc2uplQcVSHAN7OmKolzw", "expire_date": "2021-05-13T10:03:59.874Z"}}, {"model": "sessions.session", "pk": "40x6ydyw9dyr51ame1v6cy2755gbt18t", "fields": {"session_data": ".eJyrVkpKLM5OLVGyqlYyBBHFmVWpSlZKuUo6QGYKiFmUmZ5RAuSmp-alpBaB5BJzUoH8wpJKJSvD2tpaANrjFWY:1lc3L6:OfZAQahrguBVSimCtOMNBFGZ7v9AW9dyKRgO65o3yfE", "expire_date": "2021-05-13T09:52:08.748Z"}}, {"model": "sessions.session", "pk": "47gicyh9rnmfvypp7routnx7frciwico", "fields": {"session_data": "eyJiYXNrZXQiOnsiMSI6W119fQ:1lcR7H:HkIHZQ_65vPM4dfFVWN3We0UGFwwQoc2aTWyNCXWV18", "expire_date": "2021-05-14T11:15:27.096Z"}}, {"model": "sessions.session", "pk": "4elcfupzs3032x5dvz8i2tosdvj3nksr", "fields": {"session_data": "eyJiYXNrZXQiOnsiMSI6W3sic2l6ZSI6Im0iLCJzaWRlIjoicmlnaHQiLCJnZW5kZXIiOiJtYWxlIiwicXR5IjoxfV0sIjIiOjZ9fQ:1lc4Nt:V1l0U2pJiHiWT3uOSmnnCRCFe8ViFx2I7np0-kO_qEM", "expire_date": "2021-05-13T10:59:05.859Z"}}, {"model": "sessions.session", "pk": "4pvgs01xqnz6un6xo9r7p6pjiiejsjag", "fields": {"session_data": ".eJyrVkpKLM5OLVGyqlYyVLKKrlYqzqxKVbJSylXSATJTQMyizPSMEiA3PTUvJbUIJJeYkwrkF5ZUKlkZ1sbqKBmB6FoAjRcXKw:1lc5za:GmigKj1tn9Y678BtJFfQzkkJmIswNY6ASOKF8PxbaJo", "expire_date": "2021-05-13T12:42:06.304Z"}}, {"model": "sessions.session", "pk": "4sanvrqy4nqtjs8uba3wf5kjqqp6y1lh", "fields": {"session_data": ".eJxVjEEOgyAQRe8y64ZQKCguu-8ZzDAzFGuDiejKePfWxI3b_977G0SsoyzQbfsNelyX3K9V5n5g6OAOly0ijVIOwB8s70nRVJZ5iOpQ1Emrek0s3-fpXg4y1vyvAzIbazC1yNYJRrLaOOO82ETaB26iaQI59NIG4YQPbZNOjL6VxhPD_gPf6j0T:1lcPoY:CSWLuG6P514RmGDeaqdVlo9lbmAnfMYa5kGzQY_UUHA", "expire_date": "2021-05-14T09:52:02.655Z"}}, {"model": "sessions.session", "pk": "5s5h3yjnbh270wt650vox5ypg2vcrvfu", "fields": {"session_data": ".eJyrVkpKLM5OLVGyqlYyVLKKrlYqzqxKVbJSylXSATJTQMyizPSMEiA3PTUvJbUIJJeYkwrkF5ZUKlkZ1uoQpSctFVVXrI6SEYiuBQBOaCfw:1lc6h1:hswV9ycFmUT3gcNIhMvsQTFfXZcpqVYmZyxTaUcIOq0", "expire_date": "2021-05-13T13:26:59.810Z"}}, {"model": "sessions.session", "pk": "64o21hgzb6odqbovuofnva7al8weg6xg", "fields": {"session_data": ".eJxVjsEOgjAMht-lZ0NwgwE7evcJjCHd2sEUIbJxUMK7OxIPemv7_f3yr9DiEvt2CTy3nkDDEQ6_N4P2zuMO6IZjN2V2GuPsTbZHsi8N2XkiHk7f7J-gx9Cn7waJhBToaiRZMhorc1GKUrF0NlcNVUZUjS1Rcd0wOSxy6XJHqGqulN2lBsOdI-g1ddSXFYJ_czI_Egqe9nH2XR_T2qUWPIMel2E4wDO-QBfbdds-m_VOIw:1lcQWj:F4z21Qd6ECUKJmQ0cogN2nP_77eUgMcJAl6JjEpbBzg", "expire_date": "2021-05-14T10:37:41.060Z"}}, {"model": "sessions.session", "pk": "66f66sxdfrewznlycp2y25ddz0rm1pxt", "fields": {"session_data": "eyJiYXNrZXQiOnsiMSI6W3sic2l6ZSI6Im0iLCJzaWRlIjoicmlnaHQiLCJnZW5kZXIiOiJtYWxlIiwicXR5IjoxfV19fQ:1lc5NN:XePqlt3T5czbsYDfJ528vUcXc-w8b9TTTOi0azElLHA", "expire_date": "2021-05-13T12:02:37.702Z"}}, {"model": "sessions.session", "pk": "6bbbkrzsvnffndhwh2tuxswacghapdjq", "fields": {"session_data": ".eJyrVkpKLM5OLVGyqlYyVLKKrlYqzqxKVbJSylXSATJTQMyizPSMEiA3PTUvJbUIJJeYkwrkF5ZUKlkZ1-rA9RQTqccISU8OTfXE1tYCAPKIRhU:1lc47a:GUZBFJIbKrU-hAF46DlWDRWBzx9b7PWGI594rLh9qKc", "expire_date": "2021-05-13T10:42:14.945Z"}}, {"model": "sessions.session", "pk": "6nzbnpumc2ho2y7o2snoc1hvxwuu596m", "fields": {"session_data": ".eJyrVkpKLM5OLVGyqlYyBBEpqSWJmTnFIGZxZlWqkpVSsZIOkJkCYhZlpmeUALnpqXkpqUVAgdzEnFQgv7CkUsnKsBYIAA4VGcg:1lc1ld:Ot2iFZpnp2jhKH0u3suabi8BAM7ydIMafDedXN65XXM", "expire_date": "2021-05-13T08:11:25.895Z"}}, {"model": "sessions.session", "pk": "6pu8j644auspeg9ec7a0cpl89t88hfqn", "fields": {"session_data": ".eJyrVkpKLM5OLVGyqlYyBBHFmVWpSlZKuUo6QGYKiFmUmZ5RAuSmp-alpBaB5BJzUoH8wpJKJSvD2tpaANrjFWY:1lc3NR:Tjw8BMc6UTZUlevLaWSqRKhCG-mPjFPBHUUh-93iQ2M", "expire_date": "2021-05-13T09:54:33.544Z"}}, {"model": "sessions.session", "pk": "6wjlvdy5t30jjwrrahizos1t2br488nm", "fields": {"session_data": ".eJyrVkpKLM5OLVGyqlYyVLKKrlYqzqxKVbJSylXSATJTQMyizPSMEiA3PTUvJbUIJJeYkwrkF5ZUKlkZ1cbqKJkQqTOvNCcHqs-wNra2FgCeEydb:1lc5Vr:TbiyFF6QX94FrmoYiqliFMdF28_zmCBjmBhfUY0MrLc", "expire_date": "2021-05-13T12:11:23.749Z"}}, {"model": "sessions.session", "pk": "70ocayygdp7s9jv5zxwk26ktu624tg3y", "fields": {"session_data": "eyJiYXNrZXQiOnsiMSI6MX19:1lajWl:JqF3i4hn8cykcaJoXJsqKqrdAgy7-5C2ynxk9VA8Cc0", "expire_date": "2021-05-09T18:30:43.507Z"}}, {"model": "sessions.session", "pk": "754m385sw1x9e6ip1gvmnwtmcen1v9zs", "fields": {"session_data": ".eJyrVkpKLM5OLVGyqlYyUrIy1FEyVLKKrlYqzqxKVbJSylXSATJTQMyizPSMEiA3PTUvJbUIJJeYkwrkF5ZUKlkZ1erA9VQUE6nJsDa2thYA1XknpA:1lc5at:SB6Fh_SD--26T-jz_FLTGNg54BONirBZIxB2mnyZIBE", "expire_date": "2021-05-13T12:16:35.571Z"}}, {"model": "sessions.session", "pk": "84itunlyla4uwgvrtzycz3djyqpe7892", "fields": {"session_data": "eyJiYXNrZXQiOnsiMSI6MX19:1lagra:rl6x28tJbOOhX4ppn0SY4VN3SUlH1m8zOrhDN822DLA", "expire_date": "2021-05-09T15:40:02.158Z"}}, {"model": "sessions.session", "pk": "9kwpyk9cleptomsmt0irxewfwhidltvo", "fields": {"session_data": ".eJyrVkpKLM5OLVGyqlYyBBHFmVWpSlZKuUo6QGYKiFmUmZ5RAuSmp-alpBaB5BJzUoH8wpJKJSvD2tpaANrjFWY:1lc3Xe:bgNrY-pq9KV0Lg93RXIIUKyvxOzgELsxKF-IqqhJy4I", "expire_date": "2021-05-13T10:05:06.906Z"}}, {"model": "sessions.session", "pk": "adoxaiulys9ist10kihcwcsw1xcjhafp", "fields": {"session_data": "eyJiYXNrZXQiOnsiMiI6MX19:1lc6yA:B2fsoiChOk8uwj_--oOgtDaigemL5CRpkz5fR2E5s7k", "expire_date": "2021-05-13T13:44:42.693Z"}}, {"model": "sessions.session", "pk": "ai8gnqwtyfzer55iuwx01rhw0faxnu9x", "fields": {"session_data": ".eJx1j71uwkAQhF9lNfUSEcs0V4YiaWiCqGzLuuQ2zpHzGXwLErH87jkUoTSk2tmfb0cz4c2mL1GYCSVMNSH5b4FBD87SXeXou0_NbSfRyQgTTyEwjnqBKWe-RwT5-Aco5oZR5Mp4vG_3e3xD0dsg-INnRttLSraTlLdVVaNt92mIt2kNXnKx4hq7g7MqjrbZgTb0ek2xeLH5r6P16N9zanqyqj529ByGsyQ6nmxUrxfSgcqHGk2D-Qez010J:1ldALf:PjGe7-WMQ7Zs5rXoQWbcL7wqZFc3-lvoMrjs2GtFMw4", "expire_date": "2021-05-16T11:33:19.534Z"}}, {"model": "sessions.session", "pk": "bhdltyd8625zasm523stm5n2ejjxos8v", "fields": {"session_data": ".eJyrVkpKLM5OLVGyqlYyBBHFmVWpSlZKuUo6QGYKiFmUmZ5RAuSmp-alpBaB5BJzUoH8wpJKJSuj2tpaANrnFWc:1lc3Zi:IL59RQd9l7XgIxfqbHOUhIP1Xlx95BeRpUZWqmiEo6c", "expire_date": "2021-05-13T10:07:14.039Z"}}, {"model": "sessions.session", "pk": "bv4luhxmjxuomocep37f5tju7stj9xir", "fields": {"session_data": ".eJyrVkpKLM5OLVGyqlYyBBEpqSWJmTnFIGZxZlWqkpVSrpIOkJkCYhZlpmeUALnpqXkpqUUgucScVCC_sKRSycqwFggADQcZwg:1lc1Xl:UVljyEIIVMrL5KGFnbqHn5VNgP-LkGFTFug2YROQPv0", "expire_date": "2021-05-13T07:57:05.053Z"}}, {"model": "sessions.session", "pk": "c5uwim0k8tb1def5p8jphos7wceys7jg", "fields": {"session_data": "eyJiYXNrZXQiOnsiMSI6eyJpdGVtc19ieV9zaXplIjp7Im0iOjF9fX19:1laiqL:OctTcRwk7bYdRk32QNxA-ktvs0ok9z1wAbaREmcXKnk", "expire_date": "2021-05-09T17:46:53.839Z"}}, {"model": "sessions.session", "pk": "c9t2d9tnb9xjvw3jt5jkvpabdse8lac1", "fields": {"session_data": "eyJiYXNrZXQiOnsiMiI6MSwiMSI6eyJpdGVtc19ieV9zaXplIjp7Im0iOjF9fX19:1lbRpq:VagQ8kWnPa-ABv2qo9f4l2RCis05sb_g8SJdsxWWdrY", "expire_date": "2021-05-11T17:49:22.226Z"}}, {"model": "sessions.session", "pk": "ckvt8ajc5swuc1xl7q30142c144gs9ov", "fields": {"session_data": ".eJyrVkpKLM5OLVGyqlYyBBHFmVWpSlZKuUo6QGYKiFmUmZ5RAuSmp-alpBaB5BJzUoH8wpJKJSvD2tpaANrjFWY:1lc3A7:tYALxi2yWRGqygUU4erWq7NPfMxaWFH1c0xwIT_Sa5A", "expire_date": "2021-05-13T09:40:47.532Z"}}, {"model": "sessions.session", "pk": "cy5qn3peqg160ukdf3mmoicra76r583a", "fields": {"session_data": ".eJyrVkpKLM5OLVGyqlYyBBHFmVWpSlZKuUo6QGYKiFmUmZ5RAuSmp-alpBaB5BJzUoH8wpJKJSuj2tpaANrnFWc:1lc3aT:95R8kmEja6JsONFs67MtubsiiTS_dYx6XdbRKusWBHk", "expire_date": "2021-05-13T10:08:01.912Z"}}, {"model": "sessions.session", "pk": "d2qg7hq5wl8pizlfvraq7yd8i3wm0es6", "fields": {"session_data": ".eJyrVkpKLM5OLVGyqlYyVLKKrlYqzqxKVbJSylXSATJTQMyizPSMEiA3PTUvJbUIJJeYkwrkF5ZUKlkZ1sbqKJkQqTOvNCcHqs-4VgebjpzUNBwagBbV1gIAirc2uw:1lc5XL:kh0IiPYhGzFi-eAX8lRa_wNh15ohHTttmPngQw46Wmw", "expire_date": "2021-05-13T12:12:55.519Z"}}, {"model": "sessions.session", "pk": "ddxggku6xix1r1dw25mpj0fvcojt9wf5", "fields": {"session_data": ".eJyrVkpKLM5OLVGyqlYyVLKKrlYqzqxKVbJSylXSATJTQMyizPSMEiA3PTUvJbUIJJeYkwrkF5ZUKlkZ1eoQpSctFVmXYW1sbS0AZX8m5A:1lc5I3:V028COIRyIGpsQr172oF_-byDJUInc1lIiTIoPGSXJQ", "expire_date": "2021-05-13T11:57:07.207Z"}}, {"model": "sessions.session", "pk": "did9xa184tv8c4s4uqq34v1jztp1in1n", "fields": {"session_data": "eyJiYXNrZXQiOnsiMSI6eyJpdGVtc19ieV9zaXplIjp7Im1hbGUiOjF9fX19:1laihN:8k1Y-j9q07rx8djBsvY-BYHz0xi25UTFdqzKDVdV36E", "expire_date": "2021-05-09T17:37:37.183Z"}}, {"model": "sessions.session", "pk": "et4vy8x2r97v19quo17o7ygiybgj7f4r", "fields": {"session_data": ".eJx9jEEOgjAQRe8ya0KwtQW6dO8JjCHTzhRQhEjrQgl3tyRuTIy7_-f9NwtYDFeOYBYQYFQGOzCnBUL_YjBwgyxF2uLct11MteWReN4YDpz6PT7BiDX75Qzs_yjnNYMGH7FrHoHnpqe02MHXzaK7JjkBuuDYTrmbxjj3Nt8m-YeG_DgRD4fP9utBh6FLdo1EQgr0FZJUjNbJQiihNEvvCl1TaUVZO4Waq5rJ476QvvCEuuJSO4L1DbAwXuI:1lc90h:6qg3WLhrj3hbC_hM5htLOrzpbnlsaf6u50eCamSdCtk", "expire_date": "2021-05-13T15:55:27.606Z"}}, {"model": "sessions.session", "pk": "et9uowiy625yuynrmsmknkl77vw9tibq", "fields": {"session_data": "eyJiYXNrZXQiOnsiMSI6eyJpdGVtc19ieV9zaXplIjp7Im0iOjF9fX19:1laimi:5juv59CLj1q3JJzDROXC6ZsLIg-9g-JA625o55nc16o", "expire_date": "2021-05-09T17:43:08.327Z"}}, {"model": "sessions.session", "pk": "ewmogvhpsnrdfax35v2hhucgr9h419fy", "fields": {"session_data": ".eJyrVkpKLM5OLVGyqlYyBBEpqSWJmTnFIGZxZlWqkpVSrpIOkJkCYhZlpmeUALnpqXkpqUUgucScVCC_sKRSycqotlZHyYRkM_JKc3KgJhjXAgEAPjsupQ:1lc1h3:hCMr6xYc4D14VQ7Ll-TuMtsBcKIp1ffNs83kC25b1Qs", "expire_date": "2021-05-13T08:06:41.137Z"}}, {"model": "sessions.session", "pk": "f7n9436py39cez4qwi96ru24723jp4mv", "fields": {"session_data": "eyJiYXNrZXQiOnsiMSI6eyJpdGVtc19ieV9zaXplIjp7Im1hbGUiOjF9fX19:1laibz:Q01Tj9Z831MOdLAWGitqd4ObXx3HO9PIUKvAf7spQ-8", "expire_date": "2021-05-09T17:32:03.747Z"}}, {"model": "sessions.session", "pk": "fmquqjsx610jdf92u2xbj809q1e6p33u", "fields": {"session_data": ".eJyrVkpKLM5OLVGyqlYyUrIyrNVRis9NLS5OTE8tVrJSio6OUYqPzyrOz4OJxijpGOgYmerEKDmmpKSmKDgXZSYD9Ss4JebkKJTkK1TmlxYpQMzUi1GKjVWqBQBTKCC6:1lcYiV:3rC7sYG1n4xDeKupKDroMgrG1awZS1YED9D_9CbYb3U", "expire_date": "2021-05-14T19:22:23.252Z"}}, {"model": "sessions.session", "pk": "ftep2ehpy8nnvslqlwt5cmikjsk5uszd", "fields": {"session_data": "eyJiYXNrZXQiOnsiNCI6eyJpdGVtc19ieV9zaXplIjp7Im0iOjF9fX19:1lbV4A:P4F21wlHDHiSvNeLQYhZLIFShB5zXvLMKgbmqyvlY6A", "expire_date": "2021-05-11T21:16:22.545Z"}}, {"model": "sessions.session", "pk": "g0uegwfck5ebadj2qquhobnyupwg4sfp", "fields": {"session_data": "eyJiYXNrZXQiOnsiMSI6W3sic2l6ZSI6Im0iLCJzaWRlIjoicmlnaHQiLCJnZW5kZXIiOiJtYWxlIn1dfX0:1lcPrS:Gz9W_DswK3LxxKO1VW-tB_OCvckGqSY9wWuB4jIHphw", "expire_date": "2021-05-14T09:55:02.163Z"}}, {"model": "sessions.session", "pk": "ghxglvp6zb3e9svinzjblw0j1213b7ql", "fields": {"session_data": "eyJiYXNrZXQiOnsiMSI6W3sic2l6ZSI6Im0iLCJzaWRlIjoicmlnaHQiLCJnZW5kZXIiOm51bGwsInF0eSI6MX1dfX0:1lcPg1:8OWdCerSZ3q6RFcWeaUeKMbx9rgfVS2MLHm0JqMaYgk", "expire_date": "2021-05-14T09:43:13.858Z"}}, {"model": "sessions.session", "pk": "gi3zrfyfkf55ci357yeja1x9uo20pj0y", "fields": {"session_data": "eyJiYXNrZXQiOnsiMiI6Mn19:1lfR5k:wwh8V0PXIUnycWgHnpMbXrHRb5LprAbrSIb-ntVDMPA", "expire_date": "2021-05-22T17:50:16.224Z"}}, {"model": "sessions.session", "pk": "gj40sw3yszndzwpzz41cs3l6g7l2f9rs", "fields": {"session_data": "eyJiYXNrZXQiOnsiMiI6MSwiMSI6eyJzaXplIjoibWFsZSIsInNpZGUiOiJyaWdodCIsImdlbmRlciI6bnVsbCwicXR5IjoxfX19:1laiXw:d9LVPj0rgpNjFZcfPspH6UftzbrTRalPEImx_poQNzQ", "expire_date": "2021-05-09T17:27:52.802Z"}}, {"model": "sessions.session", "pk": "gnk6ea0y016i4mqfppqrxwmqhtx3cxe4", "fields": {"session_data": "eyJiYXNrZXQiOnsiMSI6W3sic2l6ZSI6Im0iLCJzaWRlIjoicmlnaHQiLCJnZW5kZXIiOiJtYWxlIiwicXR5IjoxfV19fQ:1lc45T:2Da5np17C-7kwB2xMswgXMY7pPFyg0PhSqDKMg-eYvk", "expire_date": "2021-05-13T10:40:03.044Z"}}, {"model": "sessions.session", "pk": "hey9xjyzkggj59wiyg8xwziak4bhd8uv", "fields": {"session_data": "eyJiYXNrZXQiOnsiMSI6eyJpdGVtc19ieV9zaXplIjp7Im0iOjF9fX19:1lc1Ce:mrHwko55IqtDYYqf6uMWZPxJupTeljss5zh5MoPsiD4", "expire_date": "2021-05-13T07:35:16.738Z"}}, {"model": "sessions.session", "pk": "hhi6mx88ptamav3yjnftv60vot9vfqf9", "fields": {"session_data": ".eJyrVkpKLM5OLVGyqlYyBBHFmVWpSlZKxUo6QGYKiFmUmZ5RAuSmp-alpBYBBXITc1KB_MKSSiUrw9raWgDb6xVs:1lc3cW:ApOwjit9fNsgA288xRyJTRAGskgCZxAKZ-z-YqFuyDo", "expire_date": "2021-05-13T10:10:08.078Z"}}, {"model": "sessions.session", "pk": "hpte2x88quk8ql4453zmvh9cp9chggio", "fields": {"session_data": "eyJiYXNrZXQiOnsiMSI6eyJpdGVtc19ieV9zaXplIjp7Im0iOjF9fX19:1lbSNo:wF5nb7CF5ry0KCGC-jWZ1B4p2Lc71WvrJLKK6dbBULU", "expire_date": "2021-05-11T18:24:28.289Z"}}, {"model": "sessions.session", "pk": "hv0sv5olkkjm9ncneuvsemekro11dafd", "fields": {"session_data": ".eJxVjU0OwiAQhe_C2jQtBUa604uQKQyB2FBTINEY7y41Xejs3s9878UM1hJMzbSZ6NjEBnb69Wa0N0p7gMuy2x1au9ZUum_niHN3aYpSiRZLXNP1-PpDBcyhcThIrbjzWkOvwXMcUWkBThAIUhrPDiUQt4BODXL2AkQ7AD86NY_W79BMObcZQ4973J5s6t8fnuBDUQ:1lgwhh:vbtd5nAPpFR8GC0rF6XN94gmtEDHJ117kvAO8Ep3l0U", "expire_date": "2021-05-26T21:47:41.918Z"}}, {"model": "sessions.session", "pk": "i0nt1yjzfiibmgu5w5h2dhmq2vp2uaku", "fields": {"session_data": ".eJwVx0EOgCAMRNG7zJoN294G0waJlURaF0q8u3QWP_MmtmKHOGgiR1i8NLW41l4B4SwqSEscGq3uvlilswxQv1UTLn9A-Vv7ATlRGsw:1laiE3:WpPn0saxkcWQiMuSSRujxZbanr7zUX-Sb7nKy_CyOXw", "expire_date": "2021-05-09T17:07:19.347Z"}}, {"model": "sessions.session", "pk": "in1svset0e3f35zy2ni4lg3fppdwebm1", "fields": {"session_data": "eyJiYXNrZXQiOnsiMiI6NX19:1lafyy:vL8we-U2K9-rlhRYoRGzgrUJTBkAzxTIEK8gBmVcyfA", "expire_date": "2021-05-09T14:43:36.492Z"}}, {"model": "sessions.session", "pk": "ir8m43ztogxa718ssypbhpuwysjk21oh", "fields": {"session_data": "eyJiYXNrZXQiOnsiMSI6W3sic2l6ZSI6Im0iLCJzaWRlIjoicmlnaHQiLCJnZW5kZXIiOm51bGwsInF0eSI6MX1dfX0:1lcQXd:RaAaMKLvO5kptUkT7owyg7RCRnHZ06dD4FxQ7GGzTQk", "expire_date": "2021-05-14T10:38:37.180Z"}}, {"model": "sessions.session", "pk": "j6n1jc3x36oxftl8dqp7idofao585b3w", "fields": {"session_data": "eyJiYXNrZXQiOnsiMSI6W3sic2l6ZSI6Im0iLCJzaWRlIjoicmlnaHQiLCJnZW5kZXIiOiJtYWxlIiwicXR5IjoxfV0sIjIiOjJ9fQ:1lc6mA:0kMH13XkxAlvx4Zb6aTmMuXy2TXEAgGyBz40jim_zpk", "expire_date": "2021-05-13T13:32:18.683Z"}}, {"model": "sessions.session", "pk": "joxy668vj9ce2exns3sxsk3d3zzsgauq", "fields": {"session_data": "eyJiYXNrZXQiOnsiMSI6eyJpdGVtc19ieV9zaXplIjp7Im0iOjE1fX19fQ:1lbULw:BMwEEW2VRmGGWAd0ifA6WekytbpaEUFi6c9mNN0xUGo", "expire_date": "2021-05-11T20:30:40.324Z"}}, {"model": "sessions.session", "pk": "jqhe4d0kijvxuwxd0v8fp6tz4p9xo0ix", "fields": {"session_data": ".eJxVjEsOAiEQBe_C2hAE-bl07xlI093IqIFkmFkZ766TzEK3r6reSyRYl5rWwXOaSJzFURx-twz44LYBukO7dYm9LfOU5abInQ557cTPy-7-HVQY9VtHINJGQwlAxjJkNEpbbR2bgspF8ln7iBYch8hU4KRMUYXABfYOSbw_BMU49w:1lc6s5:QHIUNb5-KA9xDNAR6tv3JjGab_TPiVH5HvvSabkt1Oc", "expire_date": "2021-05-13T13:38:25.265Z"}}, {"model": "sessions.session", "pk": "jsg6gt72fzy6z6z29w55cwyjwfm42tlv", "fields": {"session_data": ".eJyrVkpKLM5OLVGyqlYyBBHFmVWpSlZKuUo6QGYKiFmUmZ5RAuSmp-alpBaB5BJzUoH8wpJKJSvD2tpaANrjFWY:1lc3PQ:p0X35cCiDBcizC8foSx0FS5Mi8GrZmngHRvmrgFHk2g", "expire_date": "2021-05-13T09:56:36.529Z"}}, {"model": "sessions.session", "pk": "jvbzq3hrkt0sazkgk7zgj1q6zzzov2e3", "fields": {"session_data": "eyJiYXNrZXQiOnsiMSI6W3sic2l6ZSI6Im0iLCJzaWRlIjoicmlnaHQiLCJnZW5kZXIiOiJtYWxlIiwicXR5IjoxfV19fQ:1lc4AF:4TkTz13mC07bkT_4vYYzD-zSKfWk1WbwiLNK0daNilA", "expire_date": "2021-05-13T10:44:59.515Z"}}, {"model": "sessions.session", "pk": "k7h6duqqcewgtzhpv7toz08k1c1nat6t", "fields": {"session_data": ".eJyrVkpKLM5OLVGyqlYyVLKKrlYqzqxKVbJSylXSATJTQMyizPSMEiA3PTUvJbUIJJeYkwrkF5ZUKlkZ1urA9VQUk6EJn0VpqUToyklNw2NRbG0tAJ14RuI:1lcRlW:RjDO6IQVUaXdU3fXUI-2OlxHyVOrituUz8uuSQ4mzyw", "expire_date": "2021-05-14T11:57:02.938Z"}}, {"model": "sessions.session", "pk": "kh3d82bdza6578dmuqtec29momuk324y", "fields": {"session_data": "eyJiYXNrZXQiOnsiMSI6eyJpdGVtc19ieV9zaXplIjp7Im1hbGUiOjF9fX19:1laia7:jh3VT7covv8qCJIHSKO0vg_cqROdSSS_rE2I8YL3gFw", "expire_date": "2021-05-09T17:30:07.800Z"}}, {"model": "sessions.session", "pk": "knoov9zpvj070nbqvyjnfq7ak3oc5k9f", "fields": {"session_data": "eyJiYXNrZXQiOnsiMSI6W3sic2l6ZSI6Im0iLCJzaWRlIjoicmlnaHQiLCJnZW5kZXIiOm51bGwsInF0eSI6MX1dfX0:1lcPgg:Z181GAh2FdVfkC5ViwRP5SfpYL1CM65MZdvXUOXkg4k", "expire_date": "2021-05-14T09:43:54.430Z"}}, {"model": "sessions.session", "pk": "ktvsqnvv5ys1ifnbay4h3sm2c1nw4jgl", "fields": {"session_data": ".eJyNjD2OgzAQhe8yNUJgxwZcps8JVhEae8ZAQkDBptgg7h4jZYt0272_721gMdw5gtmgBPOzQRheDAYekCVJh1yGro_JdjwRL0eHIyf_jL9gymq_ZiDAqAxO_zyY1nH8w_frnkGLa-zbNfDSDpSAEr4yi-6e0FTQDaduzt08xWWw-THJP23ILzPxeP5svw56DH2iGyQSUqCvkaRitE4WQgmlWXpX6IYqK6rGKdRcN0weT4X0hSfUNVfaEexv-b9gzA:1ld8PF:7GgqAmBr8yYw71AGpPNQvjAhsi5-aYqiLYlhqx2W0pA", "expire_date": "2021-05-16T09:28:53.907Z"}}, {"model": "sessions.session", "pk": "kxzevr1hirb49lf8bw6d88ar7ps3ysf7", "fields": {"session_data": ".eJx1jEEOgjAQRe8ya0KglUJZuvcExpBpZwooQqRloYS7WxI3Jrr7f95_s4JBf-MA9QoCapFADvV5Bd-_GGq4QxIj7XHu2y7E2vJIPO8MB479EZ7R01vySxrY_XXy7bIl0OASumbxPDc9xUUOXzeD9hblCOiKYzuldhrD3Jt0n6Qf6tPTRDwcP9uvBx36LtoaiYQU6CokWTAaKzNRiEKxdDZTmkojSm0LVFxpJoeHTLrMEaqKS2UJtjfz3l8X:1lcmkO:2rYWVdXqZtBvqwWSADzokv0XOmULOBoGCvIIEIdT2Vs", "expire_date": "2021-05-15T10:21:16.660Z"}}, {"model": "sessions.session", "pk": "md6r1ecke1vhmx38h7hhd8fv7a8qseew", "fields": {"session_data": ".eJyrVkpKLM5OLVGyqlYyVLKKrlYqzqxKVbJSylXSATJTQMyizPSMEiA3PTUvJbUIJJeYkwrkF5ZUKlkZ1erA9RQTrSe2thYAF1AmIA:1lc4Cw:bWG3op3_1NEOHfEN1nnSFCNZ19TwzuPKV_VZm514SN8", "expire_date": "2021-05-13T10:47:46.453Z"}}, {"model": "sessions.session", "pk": "mhrizqt8ub6usxkibibgme8azw890la8", "fields": {"session_data": ".eJyrVkpKLM5OLVGyqlYyVLKKrlYqzqxKVbJSKlbSATJTQMyizPSMEiA3PTUvJbUIKJCbmJMK5BeWVCpZGdbqwPXkEq0ntrYWABhKJh4:1lc4IV:OItcM5WPrNbAU1uhJ1vF43G6vgLypHDK57BqcV7y7_Q", "expire_date": "2021-05-13T10:53:31.773Z"}}, {"model": "sessions.session", "pk": "ms8p58nxd0dsbx5ah6a7d2cdhvu9o151", "fields": {"session_data": ".eJyrVkpKLM5OLVGyqlYyVLKKrlYqzqxKVbJSylXSATJTQMyizPSMEiA3PTUvJbUIJJeYkwrkF5ZUKlkZ1erA9VQUE6nJsDZWR8kIpLkWACwEJ6U:1lc6ga:Do2QQWPkGHM2bom5Pafx9YATWE89ALirrK924YyfWO8", "expire_date": "2021-05-13T13:26:32.744Z"}}, {"model": "sessions.session", "pk": "n5ndlbl52qs6aiqh8tr6zpfzrcxpgexu", "fields": {"session_data": "eyJiYXNrZXQiOnsiMiI6MSwiMSI6eyJpdGVtc19ieV9zaXplIjp7Im0iOjF9fX19:1laiwx:VAqciUetNrCacxHXlgYDYKeWJ6vQc3zhz2bbh8GRv2A", "expire_date": "2021-05-09T17:53:43.844Z"}}, {"model": "sessions.session", "pk": "nf6q2egu94r9kn55yt1hirx78bukixxj", "fields": {"session_data": ".eJyrVkpKLM5OLVGyqlYyBBHFmVWpSlZKuUo6QGYKiFmUmZ5RAuSmp-alpBaB5BJzUoH8wpJKJSvj2tpaANrrFWg:1lc3eG:WTBgzEM_72X3JJv1BDoJ6DSvjs__YhsRKaEiOU0q5E8", "expire_date": "2021-05-13T10:11:56.134Z"}}, {"model": "sessions.session", "pk": "o99iulgsd7efuutgo1jkewtxxbjhzead", "fields": {"session_data": "eyJiYXNrZXQiOnsiMiI6MX19:1lc6o5:oCo2apsvUXvoHc76K-JpMDIyD7DiLQVlhDYSf_hLv9M", "expire_date": "2021-05-13T13:34:17.920Z"}}, {"model": "sessions.session", "pk": "ojmhimn5svkfbxvrvp5xe9lfz7cm31pn", "fields": {"session_data": ".eJxVjU0OwiAQhe_CumkQhJbu9CJkGIaU2FBTwGiMd7dtutDl-_vem1moZbQ102KjZwM7sebXc4A3SlsA07TZLSDONZV27xxxbi-rolQiQolzuh6rP9QIeVw5BrwXUkDowUtF4FByoYTSJANybXznRGdQgabekA9w5jLw4EH31GncoZlyXm8sPe9xebGBNyzDg2xMYWZDWSp9vrUoSsw:1lfode:xpVo2G3a7c7r6B6reKISGdC7RpmJmD4EyKxcMY_oDoQ", "expire_date": "2021-05-23T18:58:50.911Z"}}, {"model": "sessions.session", "pk": "osq27a24iufn20ip6x5ue5urzckrocoo", "fields": {"session_data": ".eJxVjEEOgyAQRe8y64ZQKCguu-8ZzDAzFGuDiejKePfWxI3b_977G0SsoyzQbfsNelyX3K9V5n5g6OAOly0ijVIOwB8s70nRVJZ5iOpQ1Emrek0s3-fpXg4y1vyvAzIbazC1yNYJRrLaOOO82ETaB26iaQI59NIG4YQPbZNOjL6VxhPD_gPf6j0T:1lcUeI:k_ssDQpenYpSB_C83WMrLidt7ZMeG-X0Xe1idm2zSuU", "expire_date": "2021-05-14T15:01:46.166Z"}}, {"model": "sessions.session", "pk": "owey9lba67vrh4937u3dhi9qcu4f06he", "fields": {"session_data": ".eJxVjrEOgzAQQ__lZhSFhASSsTvfgC65S6FUIBGYEP9eqBjaxYP9bHmHDre177bMSzcQeCih-PUCxpGnK6AXTs9ZxHlalyGICxF3mkU7E78fN_s30GPuz7ZDIqUVpgZJG8YQtVRGGcs6RWkd1UHVLhq03DimhJXUSSZC23Bt4zUaMI-8gt_Pj74sQH1Vg1cFVODNcXwAZdBBIg:1labSG:XC_q4jP9ZfS3jKB56AoS7PogRW0jr7aEIzcg2le0wqk", "expire_date": "2021-05-09T09:53:32.372Z"}}, {"model": "sessions.session", "pk": "p2aowosfd8q52wa49mcxvm0mdtcb14ch", "fields": {"session_data": ".eJyrVkpKLM5OLVGyqlYyBBHFmVWpSlZKuUo6QGYKiFmUmZ5RAuSmp-alpBaB5BJzUoH8wpJKJSvD2tpaANrjFWY:1lc3Jr:4aGlUZ3NPO5nBhQR12PLAZ-I3EujdEKqFVMtXuffy3I", "expire_date": "2021-05-13T09:50:51.969Z"}}, {"model": "sessions.session", "pk": "p3e5hkn8hur9w8aonofcysbib4eh2eab", "fields": {"session_data": "eyJiYXNrZXQiOnsiMSI6W3sic2l6ZSI6Im0iLCJzaWRlIjoicmlnaHQiLCJnZW5kZXIiOiJtYWxlIiwicXR5IjoxMX1dLCIyIjo1fX0:1lcVLO:lgijD6d0HBdNPhH4juvO-Zv5lPLCgcz0zS5DO2eDqow", "expire_date": "2021-05-14T15:46:18.483Z"}}, {"model": "sessions.session", "pk": "p3fwjpomyo89cpqoflx2itmlyft2a1ra", "fields": {"session_data": "eyJiYXNrZXQiOnsiMSI6eyJpdGVtc19ieV9zaXplIjp7Im1hbGUiOjF9fX19:1laik5:e31hkuddfZMkrUPkYCXDBLaPt7bNNDFk9_AFNU6soa4", "expire_date": "2021-05-09T17:40:25.970Z"}}, {"model": "sessions.session", "pk": "pbenpake2xcowtd23ew21y1qf2leyewt", "fields": {"session_data": "eyJiYXNrZXQiOnsiMSI6W3sic2l6ZSI6Im0iLCJzaWRlIjoicmlnaHQiLCJnZW5kZXIiOiJtYWxlIiwicXR5IjoxfV19fQ:1lc4Az:ZUH8AQJ31LIwkiDbwLB7Q0gNUREtcKiXcD1zYpp9zg4", "expire_date": "2021-05-13T10:45:45.226Z"}}, {"model": "sessions.session", "pk": "q64fkrbyc3fck0oluay64psv4gg302xm", "fields": {"session_data": ".eJyrVkpKLM5OLVGyqlYyVLKKrlYqzqxKVbJSylXSATJTQMyizPSMEiA3PTUvJbUIJJeYkwrkF5ZUKlkZ1erA9VQUE6nJsDa2thYARKUmlw:1lc5OR:grp22-E36Gs99xINMWEcDTxUdfn7AjotU9UgiijsLX4", "expire_date": "2021-05-13T12:03:43.290Z"}}, {"model": "sessions.session", "pk": "qgeo1tl2t4y3kpapzms7eti0ksl40kzn", "fields": {"session_data": "eyJiYXNrZXQiOnsiMyI6MX19:1lc6su:GuMk2oLDe-sYklFbOWZTl9jiPPRzHywbGyUTKApzHHE", "expire_date": "2021-05-13T13:39:16.470Z"}}, {"model": "sessions.session", "pk": "qyhak0oe3n1tjr8pgza2atdxg1qkjzy0", "fields": {"session_data": "eyJiYXNrZXQiOnt9fQ:1lcPp6:PhrrBSfFFei41c1WfbLTJ3vVpD55ab0riQdr7ndJQRc", "expire_date": "2021-05-14T09:52:36.354Z"}}, {"model": "sessions.session", "pk": "r2dgcyxkeegwulqtoeda0taa9o6hg9fz", "fields": {"session_data": "eyJiYXNrZXQiOnsiMSI6W3sic2l6ZSI6Im0iLCJzaWRlIjoicmlnaHQiLCJnZW5kZXIiOm51bGwsInF0eSI6Mn1dfX0:1lcQgO:Kv3aTLpp8eqiHxeA_eeyw5JzOLv6vcMgm9_SxKffmf4", "expire_date": "2021-05-14T10:47:40.239Z"}}, {"model": "sessions.session", "pk": "rkkvi83pw0o8s76iuwfjq25voqmkbzpv", "fields": {"session_data": ".eJyrVkpKLM5OLVGyqlYyUrIy1FEyVLKKrlYqzqxKVbJSylXSATJTQMyizPSMEiA3PTUvJbUIJJeYkwrkF5ZUAvXVxuoomRCpM680JweuTweuoyIHoSUnNQ2njtjaWgCP4jg9:1lc4PK:A-w50Ex2ymH7w6lOk2iQ753gCPHal-yFg7b5AMTWoUk", "expire_date": "2021-05-13T11:00:34.905Z"}}, {"model": "sessions.session", "pk": "rly5tpwz9iflegpktgootlv5e6ru8ktp", "fields": {"session_data": "e30:1lfPs9:2gLC3lFVgLqGofUGEtKfP01AFo6EmvdFx93bhAqN3Nw", "expire_date": "2021-05-22T16:32:09.330Z"}}, {"model": "sessions.session", "pk": "t2xvud624hmh7ka81pjmui2op8l1rgpu", "fields": {"session_data": ".eJyrVkpKLM5OLVGyqlYyVLKKrlYqzqxKVbJSylXSATJTQMyizPSMEiA3PTUvJbUIJJeYkwrkF5ZUKlkZ1erA9RQTqccQSQ-SPTmpaXi0xNbWAgArBzWm:1lc4LW:jkCYNqMoUCA3HNpBlBNWfXlBvexOOy1SxJyS5-CFR98", "expire_date": "2021-05-13T10:56:38.208Z"}}, {"model": "sessions.session", "pk": "th3lq1i1hjuunea7jkft19nddchpscws", "fields": {"session_data": ".eJxtjEFugzAQRe8yawuBHRvwsvueoKrQ2DMGGmJUMJFSxN3rqJGiSN2N5v33dnC4njmB3aEC-7HDOv4wWLiAyCflM27TJKDnSLzcAU6c2Xe6ga2OTwESrBZw-l-GZeyHBE__r_a0FVh55DVeuRtjmMGmZWMBHW5p6LaVl26k3Kng5efQn3MxA_rC2M-Fn2NaRlfcJ8WDrsX7TDy9PbYvgQHXIdstEkklMTRISjM6r0qppTasgi9NS7WTdes1Gm5apoCnUoUyEJqGa-MJjl-Cy2ch:1ldbEC:RXOL7VnUhBxWE8fPBODv8xkV9VEkNAvAW8trilkpgWM", "expire_date": "2021-05-17T16:15:24.101Z"}}, {"model": "sessions.session", "pk": "tia62kf2vv2vhvpijey7zzmkpevjltyv", "fields": {"session_data": ".eJyrVkpKLM5OLVGyqlYyVLKKrlYqzqxKVbJSylHSATJTQMyizPSMEiA3PTUvJbUIKJCbmJMK5BeWVCpZGdbqwPXkIvTkpKaRqgXDmrRUVF2xOkpGSlZGtbUA1Pw3dw:1lc4ss:pBTMaaUKDLVQVjil7FdLnL6p6c4at7RbEoZ-6JtrsWk", "expire_date": "2021-05-13T11:31:06.656Z"}}, {"model": "sessions.session", "pk": "tnpikjioid4fbohff3ynp46zv6vfi863", "fields": {"session_data": "eyJiYXNrZXQiOnsiMSI6W3sic2l6ZSI6Im0iLCJzaWRlIjoicmlnaHQiLCJnZW5kZXIiOiJtYWxlIiwicXR5IjoxfV0sIjIiOjJ9fQ:1lc6l4:E9K0JrZYF4tFHc4ON6I_-D-7SQhBVWwijk2Uz7AanB8", "expire_date": "2021-05-13T13:31:10.967Z"}}, {"model": "sessions.session", "pk": "tpsmgtdw0i683br1pn6hclab9jzuvjbu", "fields": {"session_data": ".eJyrVkpKLM5OLVGyqlYyUbKKrlYqzqxKVbJSylXSATJTQMyizPSMEiA3PTUvJbVIySqvNCdHR6mwpFLJyqQ2VkfJkHR9RrU62HTkpKbhtqi2FgBXmDaY:1lcPZD:9V9R6NiWgkkEkj2yQ_zMnQcgR5PWyoQhLJvhzxiEY80", "expire_date": "2021-05-14T09:36:11.670Z"}}, {"model": "sessions.session", "pk": "tv49765w2pael88ib74urrext9u1m371", "fields": {"session_data": ".eJyrVkpKLM5OLVGyqlYyVLKKrlYqzqxKVbJSylXSATJTQMyizPSMEiA3PTUvJbUIJJeYkwrkF5ZUKlkZ1uoQpSctFVmXcW2sjpIJsn1ZRQjNOalpyHrzSnNyoPpMsduGW4MJcc5D0mEIcpoRyIm1AEWOWGQ:1lc4cZ:_dRBHDSfYzML0YVbzYQD56MnoNCjnoU7cnf4Eezk2FU", "expire_date": "2021-05-13T11:14:15.150Z"}}, {"model": "sessions.session", "pk": "tzhj39667equadhfz2wawz43j4vx8c85", "fields": {"session_data": ".eJyVjs1qxDAMhN9F5xASe_PnY-99glKCYsmJu1mH2k5pG_LudcpCWWihe5M0881ogwHDmSOoDUpQTxsE-8mg4AJZGukYvR2nmNaRHbEH5dZ5zuA1foASe_YbMbP5Ayj35wxO9xeV9xf9AO_zPzvSb-IbhR7XOPVrYN9bSlgJN7cB9TkFJIFe0I1LrhcXvR3yw5Jf1ZA_LsTzw9V7EzBhmBLdIZGQAk2LJCvGQctCVKKqWRpd1B01g2g6XWHNbcdk8FRIUxjCuuWm1kdowDfurTMLqOhX3r8A7CmVlQ:1ldb5g:mrIu7L1PVZmjYBRJ8_gzBUDEQwMC6sa1A3SnTkapSxw", "expire_date": "2021-05-17T16:06:36.001Z"}}, {"model": "sessions.session", "pk": "ub31bigmr3xxyxr0kwmiqi1bw9hjnhyr", "fields": {"session_data": "e30:1lff4U:NvfHj0Acd392DdP9PbPChPEgcnPx_ArhN2Sz_Tpk-1o", "expire_date": "2021-05-23T08:45:54.582Z"}}, {"model": "sessions.session", "pk": "ug1squprkyazn1lzw51qxldlr5saaihd", "fields": {"session_data": ".eJyrVkpKLM5OLVGyqlYyBBEpqSWJmTnFIGZxZlWqkpVSrpIOkJkCYhZlpmeUALnpqXkpqUUgucScVCC_sKRSycq4FggADREZxA:1lc1Mg:xzdcrpjYBqXE_cXcO-ZJ4x6VvipCVtx-Swn1Q6UMrQ4", "expire_date": "2021-05-13T07:45:38.088Z"}}, {"model": "sessions.session", "pk": "urbdxmdervurw0wcx6xgoh6l66jyoi48", "fields": {"session_data": ".eJyNjMsOgjAQRf9l1oRAK-WxdO8XGEOmnSkgCpGWhRL-3ZKwkJ27e-fcMwtodD17qBZIobou4LoPQwVPiEKkLU5d0_pQGx6Ip43hg0N_-TdUYo3-ciz_Wul6WyOocfZtPTue6o7CJoXDTaPpgx4A3XFoxtiMg586HW-TeKcuvozEj_O-PTxo0bXBLpFISIG2QJIZozYyEZnIFEtrElVSrkVemgwVFyWTxVMibWIJVcG5MgTrF7Y0Xw4:1lcRjm:_Pp-i2cWLT7KPe1cX7aUSMHZetHdxIFUIoA4s90EHgg", "expire_date": "2021-05-14T11:55:14.865Z"}}, {"model": "sessions.session", "pk": "v7va3tx46nfwmsvfdrkxi3g3oob6dsk9", "fields": {"session_data": ".eJyrVkpKLM5OLVGyqlYyVLKKrlYqzqxKVbJSylXSATJTQMyizPSMEiA3PTUvJbVIySqvNCdHR6mwpFLJyrA2VkfJhCx9tbUAcJQnMg:1lc919:s2DN9FuO-sEx77fLvH3i8oBrezt2b0_BW6rH4fcgZQo", "expire_date": "2021-05-13T15:55:55.511Z"}}, {"model": "sessions.session", "pk": "vcf3ugrytlvr8rva5proj8jqm7cegst0", "fields": {"session_data": ".eJyrVkpKLM5OLVGyqlYyBBEpqSWJmTnFIGZxZlWqkpVSrpIOkJkCYhZlpmeUALnpqXkpqUUgucScVCC_sKRSycq4FggADREZxA:1lc1o7:NuIOM1eAkOl7sJ-ygNXyu07cokzNzU7vCI9FVBpX3Hs", "expire_date": "2021-05-13T08:13:59.513Z"}}, {"model": "sessions.session", "pk": "voxr2r09s804ec1zf3rbtu80rj80kwkb", "fields": {"session_data": "eyJiYXNrZXQiOnt9fQ:1lcPkA:oj0w-uAxtrKkLDmB_MHUUkIsoM6wlyfB3oa9TsBGTZQ", "expire_date": "2021-05-14T09:47:30.911Z"}}, {"model": "sessions.session", "pk": "vwybg2a2yp5g8sd40r8y3qxqe5wbeqqt", "fields": {"session_data": ".eJwVx0EOgCAMRNG7zJoN294G0waJlURaF0q8u3QWP_MmtmKHOGgiR1i8NLW41l4B4SwqSEscGq3uvlilswxQv1UTLn9A-Vv7ATlRGsw:1laiJd:85pYMc3xrolcdwAKytDJ6oFcydaUfa-_uZCmvKoyEHk", "expire_date": "2021-05-09T17:13:05.704Z"}}, {"model": "sessions.session", "pk": "w02rxogzgpwilouvi6q5jd4r1on341vh", "fields": {"session_data": ".eJwVx0EOgCAMRNG7zJoN294G0waJlURaF0q8u3QWP_MmtmKHOGgiR1i8NLW41l4B4SwqSEscGq3uvlilswxQv1UTLn9A-Vv7ATlRGsw:1laiDU:cdZ5iPXtiDeh6bYoP-pgv49hc3Acb1QlFMzdKDyN_C4", "expire_date": "2021-05-09T17:06:44.614Z"}}, {"model": "sessions.session", "pk": "w7d2wr4ex39mxok5efla439fnibzmixc", "fields": {"session_data": "eyJiYXNrZXQiOnsiMSI6eyJpdGVtc19ieV9zaXplIjp7Im0iOjF9fX19:1lbTrI:38tm_Og26HP2-r4uzH3qz6z4i8CexpVWk-4gE0Ttcp0", "expire_date": "2021-05-11T19:59:00.730Z"}}, {"model": "sessions.session", "pk": "wphe4xbjchfs8oen12rvxph2pywi1s2n", "fields": {"session_data": ".eJxVjEEOgyAQRe8y64YgFASX3XsGMjBDsTaaiK6Md29N3Lj9772_Q8Q68grdDgq65nhAwG0tYau8hIGggwZuW8Q08nQC-uD0nkWap3UZojgVcdEq-pn4-7rc20HBWv61RyKlFWaHpA1jTFoqo4xlnZO0ntqoWp8MWnaeKeNT6iwzoXXc2kRw_ACNTT30:1lc6qT:Qq7rTk8TAVEFRfG3F85k36EwP7Otp990xMlFBhr80cs", "expire_date": "2021-05-13T13:36:45.979Z"}}, {"model": "sessions.session", "pk": "wpns8fv75wv6f94j4whz77xq6qvqyq26", "fields": {"session_data": "eyJiYXNrZXQiOnsiMyI6MX19:1lc6r5:cx7IT7AOILOckc0B89AUmsr7IsmJXnTf7dP1VDcmUcY", "expire_date": "2021-05-13T13:37:23.254Z"}}, {"model": "sessions.session", "pk": "wsi0pfy86c51sxqadz18zwzwm9b60m0m", "fields": {"session_data": "eyJiYXNrZXQiOnsiMSI6W3sic2l6ZSI6Im0iLCJzaWRlIjoicmlnaHQiLCJnZW5kZXIiOiJtYWxlIiwicXR5IjoxfV19fQ:1lc5fw:JJNpicsiVd8uZZR1uEtAkA4x12e3L8J2W52wvnMgapA", "expire_date": "2021-05-13T12:21:48.195Z"}}, {"model": "sessions.session", "pk": "x032ng63iu05bofpfjbkb35fcbhs1wwa", "fields": {"session_data": ".eJyrVkpKLM5OLVGyqlYyBBHFmVWpSlZKuUo6QGYKiFmUmZ5RAuSmp-alpBaB5BJzUoH8wpJKJSuj2tpaANrnFWc:1lc3fZ:m4EixIZJ1JQY--nMzNs-W8imq8TMC2LwW5d8AYfCvC0", "expire_date": "2021-05-13T10:13:17.138Z"}}, {"model": "sessions.session", "pk": "x44x02hqpti44vot571ndyk92q69ahe5", "fields": {"session_data": "eyJiYXNrZXQiOnsiMSI6W3sic2l6ZSI6Im0iLCJzaWRlIjoicmlnaHQiLCJnZW5kZXIiOiJtYWxlIn1dfX0:1lcPwM:j7_zH_YnVngFRTCK1Tca-WQZfgDJLmyrtFZkrvCwOh0", "expire_date": "2021-05-14T10:00:06.495Z"}}, {"model": "sessions.session", "pk": "xiwjr5651do54tfsecsh4rzx1109ltlr", "fields": {"session_data": "eyJiYXNrZXQiOnsiMSI6eyJpdGVtc19ieV9zaXplIjp7Im0iOjF9fX19:1lajlQ:8G8BvvW1VY1KxhIFqnIlyaNNbZ3zRWSYV7zmcZhYus4", "expire_date": "2021-05-09T18:45:52.268Z"}}, {"model": "sessions.session", "pk": "y2yk40conup241o236j0pi21ry71lsr5", "fields": {"session_data": ".eJw1jkEOwiAURK9CZk2MNXHDzngEl9AQlB9EbWv5dFEJd5fGuJs3bzFTcHX8pAxV0EHpAo4fgsIA2aLfYorhnhsGGj2lzbkXNZ7zCtXVvkrYgZhdIG5WawNrHzyN_9ZA7uXhKA1O3pMX5xRvbVNc8jK8WeRJrNOSxO_JzqDvUb-6MDIf:1lcYDf:QhZJsT7r7_UzxlGwJXZWY1tkELhUV5IvKO_35GoL4DE", "expire_date": "2021-05-14T18:50:31.229Z"}}, {"model": "sessions.session", "pk": "y3dg629zhdz5vmdsapaqfaqkunqt2h92", "fields": {"session_data": "eyJiYXNrZXQiOnsiMSI6eyJpdGVtc19ieV9zaXplIjp7Im0iOjF9fX19:1lajwc:4bHYeQ2dKJuSsC1fIrNBNdckaXRkrRPFyKdqvY2KkIU", "expire_date": "2021-05-09T18:57:26.410Z"}}, {"model": "sessions.session", "pk": "ymd20mk3gqzbs9t0dcmpvgso6ypibtr1", "fields": {"session_data": "eyJiYXNrZXQiOnsiNCI6eyJpdGVtc19ieV9zaXplIjp7Im0iOjF9fX19:1lbV3Z:Xz_dAMbxUTsSkU3ZcOx0HjM-OZoSjYdoLN8Vt9OZSP8", "expire_date": "2021-05-11T21:15:45.121Z"}}, {"model": "sessions.session", "pk": "z48ri3cqwd9hoztbgawhxk093gyxl2yq", "fields": {"session_data": "eyJiYXNrZXQiOnsiMSI6eyJpdGVtc19ieV9zaXplIjp7Im0iOjF9fX19:1lajzy:m_K4gZhnU-Wi9wGulOKRahEFQ7qRJh7AhYqa6yuyiXc", "expire_date": "2021-05-09T19:00:54.202Z"}}, {"model": "sessions.session", "pk": "zapscdehy5r4eceru6g6jsaaefjsqd1j", "fields": {"session_data": ".eJyrVkpKLM5OLVGyqlYyBBHFmVWpSlZKuUo6QGYKiFmUmZ5RAuSmp-alpBaB5BJzUoH8wpJKJSvD2tpaANrjFWY:1lc3QG:xCdC2K07GbiKNIJsg2lWAywHucKESBpMg9qHq08exUw", "expire_date": "2021-05-13T09:57:28.572Z"}}, {"model": "sessions.session", "pk": "zbq114ln6gv6cgl9yt5k2jn7ap6iq0k9", "fields": {"session_data": "eyJiYXNrZXQiOnsiMiI6NX19:1lc6sd:83T4SLt1UQ-obfsuM5n7ucaXDghFrE5njFVByNwnpSo", "expire_date": "2021-05-13T13:38:59.977Z"}}, {"model": "sessions.session", "pk": "zyat859tlcbbght30p2306mufs3ji8m2", "fields": {"session_data": ".eJyrVkpKLM5OLVGyqlYyBBHFmVWpSlZKxUo6QGYKiFmUmZ5RAuSmp-alpBYBBXITc1KB_MKSSiUrw9raWgDb6xVs:1lc3XO:2_1G6NFC8tGx7rPnIQ2Xy1RjNaWC9LzRyoP5Zev_o8w", "expire_date": "2021-05-13T10:04:50.229Z"}}, {"model": "sites.site", "pk": 1, "fields": {"domain": "example.com", "name": "example.com"}}, {"model": "account.emailaddress", "pk": 1, "fields": {"user": 1, "email": "admin@fakemail.com", "verified": true, "primary": true}}, {"model": "products.category", "pk": 1, "fields": {"name": "equipment", "friendly_name": "Equipment"}}, {"model": "products.category", "pk": 2, "fields": {"name": "footwear", "friendly_name": "Footwear"}}, {"model": "products.category", "pk": 3, "fields": {"name": "clothing", "friendly_name": "Clothing"}}, {"model": "products.sport", "pk": 1, "fields": {"name": "cricket", "friendly_name": "Cricket"}}, {"model": "products.sport", "pk": 2, "fields": {"name": "golf", "friendly_name": "Golf"}}, {"model": "products.sport", "pk": 3, "fields": {"name": "football", "friendly_name": "Football"}}, {"model": "products.sport", "pk": 4, "fields": {"name": "tennis", "friendly_name": "Tennis"}}, {"model": "products.product", "pk": 1, "fields": {"sku": "0001", "name": "Cricket Stumps", "desc": "Great practise tool, for all levels of players, coaches.", "sport": 1, "category": 1, "has_sizes": false, "has_side": false, "has_gender": false, "price": "39.99", "rrp": "39.99", "image_url": null, "image": "cricket_stumps.jpg"}}, {"model": "products.product", "pk": 2, "fields": {"sku": "0002", "name": "Cricket Ball", "desc": "Readers Club Hand Stitched Leather Senior Cricket Ball 5.5oz.", "sport": 1, "category": 1, "has_sizes": false, "has_side": false, "has_gender": false, "price": "9.99", "rrp": "9.99", "image_url": null, "image": "cricket_ball.jpg"}}, {"model": "products.product", "pk": 3, "fields": {"sku": "0003", "name": "Cricket Bat", "desc": "GM Cricket 2019 Noir DXM TT Cricket Bat.", "sport": 1, "category": 1, "has_sizes": false, "has_side": false, "has_gender": true, "price": "74.99", "rrp": "74.99", "image_url": null, "image": "cricket_bat.jpg"}}, {"model": "products.product", "pk": 4, "fields": {"sku": "0004", "name": "Cricket Batting Gloves", "desc": "KOOKABURRA Ghost 4.2 Batting Gloves.", "sport": 1, "category": 1, "has_sizes": true, "has_side": true, "has_gender": false, "price": "24.99", "rrp": "29.99", "image_url": null, "image": "cricket_batting_gloves.jpg"}}, {"model": "products.product", "pk": 5, "fields": {"sku": "0005", "name": "Cricket Helmet", "desc": "Velocity XP1 550 Batting Pads.  Lightweight 15mm high density foam and cane construction with 20mm padded side wing for excellent shock absorption.  Reinforced internal pre moulded knee cap for fit and protection.  3 piece inner shin bolster for comfort and superior protection.", "sport": 1, "category": 1, "has_sizes": true, "has_side": false, "has_gender": false, "price": "44.99", "rrp": "49.99", "image_url": null, "image": "cricket_pads.jpg"}}, {"model": "products.product", "pk": 6, "fields": {"sku": "0006", "name": "Wicket Keeping Gloves", "desc": "Prestige Wicket Keeping Gloves from Gray Nicolls, a lightweight PVC glove with ribbed design. Featuring a traditional ping pong grip that will give you extra purchase when that big catch comes along. Traditional square cuffs with T-shape webbing to extend the catching area as much as possible. The cuff is made of PU and includes HD foam padding for added levels of protection if the ball wobbles in the air.", "sport": 1, "category": 1, "has_sizes": true, "has_side": false, "has_gender": false, "price": "65.99", "rrp": "65.99", "image_url": null, "image": "cricket_wicket_keeping_gloves.jpg"}}, {"model": "products.product", "pk": 7, "fields": {"sku": "0007", "name": "Cricket Helmet", "desc": "Anthropometrically informed, contoured steel wings, that project around the back of the helmet to provide unparalleled jaw, ear and neck protection for the games most dynamic hitters.  Factory fitted 360 faceguard.  Unparalleled jaw, ear & neck protection.  Robust ABS outer shell.  Superior ventilation system", "sport": 1, "category": 1, "has_sizes": true, "has_side": false, "has_gender": false, "price": "71.99", "rrp": "71.99", "image_url": null, "image": "cricket_helmet.jpg"}}, {"model": "products.product", "pk": 8, "fields": {"sku": "0008", "name": "Cricket Shoes", "desc": "GM Original Spike Cricket Shoe.  A fantastic value for money spiked cricket shoe. A new design for 2020 these shoes offer comfort and support for all levels and abilities.", "sport": 1, "category": 2, "has_sizes": true, "has_side": false, "has_gender": false, "price": "34.99", "rrp": "34.99", "image_url": null, "image": "cricket_shoes.jpg"}}, {"model": "products.product", "pk": 9, "fields": {"sku": "0009", "name": "Cricket Trousers", "desc": "These New Balance Player Trousers are crafted with an elasticated waistband, drawstring fastening and 2 pockets for a classic look. They feature flat lock seams to prevent chafing and mesh panelling for ventilation. These trousers are a lightweight construction designed with a signature logo and are complete with New Balance branding.", "sport": 1, "category": 3, "has_sizes": true, "has_side": false, "has_gender": false, "price": "22.00", "rrp": "34.99", "image_url": null, "image": "cricket_trousers.jpg"}}, {"model": "products.product", "pk": 10, "fields": {"sku": "0010", "name": "Cricket Shirt", "desc": "This New Balance Long Sleeve Player Polo Shirt is crafted with a folded collar, 3 button fastening placket and long sleeves for a classic look. It features flat lock seams too prevent chafing and mesh panelling for ventilation. This polo shirt is a lightweight construction designed with a signature logo and is complete with New Balance branding.", "sport": 1, "category": 3, "has_sizes": true, "has_side": false, "has_gender": false, "price": "22.99", "rrp": "31.99", "image_url": null, "image": "cricket_shirt.jpg"}}, {"model": "products.product", "pk": 11, "fields": {"sku": "0011", "name": "Football", "desc": "Adidas Unifo Trn Football.  With an attractive design, this Adidas ball offers a superior level of quality, ensuring control and precision.", "sport": 3, "category": 1, "has_sizes": false, "has_side": false, "has_gender": false, "price": "19.75", "rrp": "19.75", "image_url": null, "image": "football.jpg"}}, {"model": "products.product", "pk": 12, "fields": {"sku": "0012", "name": "Football Cones", "desc": "FEMOR 50 Pcs Sports Training Cones Set, 5 Colors Space Markers, 20cm Round Cones for Football Training, Running and Ball Game (with Carrying Handle).  20 cm diameter x 5 cm height bright color sports cones.  Made of PE material, with good toughness, not easy to deform and break.  Bright color: will be easier to be noticed in cloudy or rainy days.", "sport": 3, "category": 1, "has_sizes": false, "has_side": false, "has_gender": false, "price": "9.99", "rrp": "15.99", "image_url": null, "image": "football_cones.jpg"}}, {"model": "products.product", "pk": 13, "fields": {"sku": "0013", "name": "Football Posts", "desc": "Got a youngster at home with a killer boot, or kids that are constantly playing football? You need Woodworms Heavy Duty football goal!  With its white powder coated metal frame, this is built to withstand a hammering year in, year out  and its rust resistant too.  Assembly is relatively straight forward, though at 32kg, this is a serious goal and isnt one you are going to want to be moving around every day.  Once it is in place, anchor it down with the included stakes for extra stability, and watch your kids enjoy.  This is also plenty strong enough for club use, not just for home.  Product Dimension when ready for use: 365 x 198 x 152cm.  Package Dimensions when delivered: 126.5 x 19.5 x 47.5cm.  Main posts: Dia. 75 mm x 0.9mm.  Support posts: Dia. 50mm x 0.7mm.  8-ply polyester goal net in 4\"\" mesh. \r\n Weight: 32 Kgs.", "sport": 3, "category": 1, "has_sizes": false, "has_side": false, "has_gender": false, "price": "119.99", "rrp": "119.99", "image_url": null, "image": "football_posts.jpg"}}, {"model": "products.product", "pk": 14, "fields": {"sku": "0014", "name": "Football Pump", "desc": "Sports Stable Ball Pump with 5 Needles. Dual Action Air Pump for Your Football, Rugby Ball, Volleyball, Basketball, Handball and Other Inflatable Balls.  With its dual action inflation whether you are pulling or pushing on the handle, you will be inflating your ball.  Conveniently compact and portable design throw it in your sports bag, in the boot of the car or simply carry it.  No charging required, manual operated pump saves on batteries, electricity, and the environment.", "sport": 3, "category": 1, "has_sizes": false, "has_side": false, "has_gender": false, "price": "11.99", "rrp": "11.99", "image_url": null, "image": "football_pump.jpg"}}, {"model": "products.product", "pk": 15, "fields": {"sku": "0015", "name": "Football Boots", "desc": "Adult firm ground football boots.  Advanced football players, playing on grass or artificial turf pitches, looking for a durable and supple kangaroo leather boot.", "sport": 3, "category": 2, "has_sizes": true, "has_side": false, "has_gender": false, "price": "39.99", "rrp": "59.99", "image_url": null, "image": "football_boots.jpg"}}, {"model": "products.product", "pk": 16, "fields": {"sku": "0016", "name": "Football Bibs", "desc": "Football Bibs Set of 10 Pieces.  Pack of 10 for Children and Adults, Marker Shirt/training t-shirt, without logo, Team Game Jersey, Marking Shirt Men Ladies Seniors Juniors Kids.  The identification shirts greatly enhance the organization of the game at sporting events and facilitate communication between the players, which translates into efficiency and team performance. The jerseys produced by us are permeable to air and very resistant against tear and tensile strength, which is of great importance on the football pitch.", "sport": 3, "category": 3, "has_sizes": true, "has_side": false, "has_gender": false, "price": "32.95", "rrp": "39.99", "image_url": null, "image": "football_bibs.jpg"}}, {"model": "products.product", "pk": 17, "fields": {"sku": "0017", "name": "Football Shirt", "desc": "The Nike Dry Football Top is perfect for training sessions or everyday wear, crafted with a v neck collar, short sleeves and flat lock seams for a comfortable fit, Dri-Fit technology helps pull sweat away from the skin, completed with the Nike Swoosh branding to the top right chest.", "sport": 3, "category": 3, "has_sizes": true, "has_side": false, "has_gender": false, "price": "8.00", "rrp": "9.99", "image_url": null, "image": "football_shirt.jpg"}}, {"model": "products.product", "pk": 18, "fields": {"sku": "0018", "name": "Football Shorts", "desc": "Switch up your performance shorts with the Nike Academy Woven Pants. These soft football shorts have been crafted in a regular fit with an elasticated waistband and an adjustable drawstring, to provide a more personalised, secure fit. These shorts are equipped with Dri-Fit technology, helping wick sweat away from the skin, enabling you to keep dry, comfortable and focused on the task at hand. The look is completed with the iconic Nike swoosh, delivering instant brand recognition.", "sport": 3, "category": 3, "has_sizes": true, "has_side": false, "has_gender": false, "price": "9.99", "rrp": "9.99", "image_url": null, "image": "football_shorts.jpg"}}, {"model": "products.product", "pk": 19, "fields": {"sku": "0019", "name": "Football Socks", "desc": "These Nike Academy Football Socks feature an anatomical design with a reinforced heel and toe for increased durability in high-wear areas, whilst the Dri-Fit technology wicks sweat away from your skin to keep you feeling fresh and comfortable.", "sport": 3, "category": 3, "has_sizes": true, "has_side": false, "has_gender": false, "price": "7.49", "rrp": "7.49", "image_url": null, "image": "football_socks.jpg"}}, {"model": "products.product", "pk": 20, "fields": {"sku": "0020", "name": "Golf Bag", "desc": "TaylorMade Pro Stand 8.0 Golf Bag (2020 Version).  The TaylorMade Pro Stand bag 8.0 is a premium lightweight golf stand carry bag weighing in at just 2.2Kg. Packed with features including 9\" 7-way divider integrated grab handle top and adjustable dual padded strap. The Pro 8.0 also features 6 strategically placed storage pockets including full length clothing pocket and waterproof zip fur lined valuables pocket.", "sport": 2, "category": 1, "has_sizes": false, "has_side": false, "has_gender": false, "price": "99.99", "rrp": "104.99", "image_url": null, "image": "golf_bag.jpg"}}, {"model": "products.product", "pk": 21, "fields": {"sku": "0021", "name": "Golf Balls", "desc": "Winoma Pack of 10 PU Golf Balls Soft Indoor Practice Golf Training Balls.  The item is a set of 10 simple and practical golf balls, which are mainly made of durable soft and elastic PU rubber material and soft and safe and will not break indoors or hurt people. Therefore, these PU golf balls are suitable for indoor exercise and practice as well as children.", "sport": 2, "category": 1, "has_sizes": false, "has_side": false, "has_gender": false, "price": "8.99", "rrp": "8.99", "image_url": null, "image": "golf_balls.jpg"}}, {"model": "products.product", "pk": 22, "fields": {"sku": "0022", "name": "Golf Clubs", "desc": "18 Piece Men's Complete Golf Club Package Set With Titanium Driver, #3 & #5 Fairway Woods, #4 Hybrid, 5-SW Irons, Putter, Stand Bag, 4 H/C's.  The Precise S7 package set was designed for increased performance. This set is packed with the latest and most modernized golf technology to give you ultimate distance and performance for every club in the bag.  Made with the highest quality materials, these clubs will not only improve your score, but you will look great doing it!", "sport": 2, "category": 1, "has_sizes": false, "has_side": true, "has_gender": true, "price": "249.99", "rrp": "249.99", "image_url": null, "image": "golf_clubs.jpg"}}, {"model": "products.product", "pk": 23, "fields": {"sku": "0023", "name": "Golf Shoes", "desc": "Puma Golf Pro-Adapt Shoes.  Designed with an Atlantis leather upper and backed with a bootie lining to keep your feet nice and dry in any weather conditions. It has a one-piece construction tongue that wraps around the instep of the foot, from the medial side to provide medial support. Plus features a dual-layer, decoupled collar to provide the fit and all-day comfort of a running shoe.", "sport": 2, "category": 2, "has_sizes": true, "has_side": false, "has_gender": false, "price": "49.99", "rrp": "54.99", "image_url": null, "image": "golf_shoes.jpg"}}, {"model": "products.product", "pk": 24, "fields": {"sku": "0024", "name": "Golf Trousers", "desc": "These Slazenger Performance Golf Trousers are crafted with a single button fastening waist and a zip up fly. They feature belt loops to allow additional adjustment and 4 open pockets for small possessions. These trousers are a straight cut, lightweight construction in a block colour. They are designed with an embroidered logo and are complete with Slazenger branding.", "sport": 2, "category": 3, "has_sizes": true, "has_side": false, "has_gender": false, "price": "16.99", "rrp": "19.99", "image_url": null, "image": "golf_trousers.jpg"}}, {"model": "products.product", "pk": 25, "fields": {"sku": "0025", "name": "Golf Shirt", "desc": "This Under Armour Performance Polo Shirt has been developed with heat gear technology which wicks sweat away from your skin whilst also keeping you cool so you can fully focus on your performance on the course. This polo shirt has a UPF30 rating to help protect you from harmful UV rays and the anti-odour technology prevents the growth of odour causing microbes. Under Armour branding is stitched to the left of the chest to complete the overall look. Made from 95% Polyester and 5% Elastane.", "sport": 2, "category": 3, "has_sizes": true, "has_side": false, "has_gender": false, "price": "27.99", "rrp": "27.99", "image_url": null, "image": "golf_shirt.jpg"}}, {"model": "products.product", "pk": 26, "fields": {"sku": "0026", "name": "Golf Top", "desc": "This Slazenger Zip Pullover is a lightweight, over the head design. This pullover is then crafted with a half zip fastening for ventilation and long sleeves. All while also featuring a funnel neckline and then rendered in a block colouring. This items is then finally designed with an embroidered Slazenger logo to the arm that completes the look with a classic fresh urban outlet look.", "sport": 2, "category": 3, "has_sizes": true, "has_side": false, "has_gender": false, "price": "13.00", "rrp": "13.00", "image_url": null, "image": "golf_top.jpg"}}, {"model": "products.product", "pk": 27, "fields": {"sku": "0027", "name": "Tennis Balls", "desc": "Durable strong tennis balls.  Light green colour, ideal for outdoor sports - Pack Of 6.", "sport": 4, "category": 1, "has_sizes": false, "has_side": false, "has_gender": false, "price": "9.99", "rrp": "13.99", "image_url": null, "image": "tennis_balls.jpg"}}, {"model": "products.product", "pk": 28, "fields": {"sku": "0028", "name": "Tennis Racket", "desc": "Wilson Tennis Racket.  Fusion XL tennis racket for recreational players with little experience. V-Matrix technology for a wider sweet spot and more power.  Power technology to optimize bounce speed.", "sport": 4, "category": 1, "has_sizes": false, "has_side": false, "has_gender": false, "price": "25.00", "rrp": "25.00", "image_url": null, "image": "tennis_racket.jpg"}}, {"model": "products.product", "pk": 29, "fields": {"sku": "0029", "name": "Tennis Shoes", "desc": "CourtJam AW20 white tennis shoes.  Shoes designed for club tennis players who want good cushioning, which is provided by the \"\"Bounce cushioning Technology\"\", and comfort.", "sport": 4, "category": 2, "has_sizes": true, "has_side": false, "has_gender": false, "price": "54.99", "rrp": "54.99", "image_url": null, "image": "tennis_shoes.jpg"}}, {"model": "profiles.userprofile", "pk": 1, "fields": {"user": 1, "default_phone_number": "07776041530", "default_street_address1": "6 Princes Gardens", "default_street_address2": "Lower Somersham", "default_town_or_city": "Ipswich", "default_county": "Suffolk", "default_postcode": "IP8 4PF", "default_country": "GB"}}]